葡萄酒名称,点击次数,英文名,酒款类型,酒庄,酿酒葡萄,风味特征,酒款综述
西夫拉姆赤霞珠干红葡萄酒,5433,"Saflam Cabernet Sauvignon, Yantai, China",红葡萄酒,西夫拉姆酒堡,"('赤霞珠',)",黑色水果青椒香料,这款葡萄酒由法国原汁进口，酒液呈深宝石红色，澄清透明，闻之富含黑色水果的香气，还伴青椒、香料等气味，口感圆润，单宁柔和，酒体丰满。
西夫拉姆50年老树赤霞珠干红葡萄酒,3313,"Saflam 50-Year Old Vine Cabernet Sauvignon, Yantai, China",红葡萄酒,西夫拉姆酒堡,"('赤霞珠',)",黑色浆果动物皮革香草,这款葡萄酒由法国原汁进口，酒液呈樱桃红色，澄清明亮，有明显的黑色浆果的香气，随着时间的推移，还发展出动物味、皮革味，以及橡木桶带来的香草味，酒体饱满，回味悠长。
西夫拉姆60年老树特级赤霞珠干红葡萄酒,4661,"Saflam 60-Year Old Vine Premium Cabernet Sauvignon, Yantai, China",红葡萄酒,西夫拉姆酒堡,"('赤霞珠',)",黑色浆果咖啡可可烟熏,这款葡萄酒的原汁来自法国的朗格多克地区，酒体呈樱桃红色，澄清明亮，既有浓郁的黑色浆果的香气，又有橡木桶赋予的咖啡、可可和烟熏的气味，口感醇厚，回味悠长。
西夫拉姆霞多丽特级干白葡萄酒,1904,"Saflam Premium Chardonnay, Yantai, China",白葡萄酒,西夫拉姆酒堡,"('霞多丽',)",柑橘白桃甜瓜,这款葡萄酒由法国原汁进口，酒液呈琥珀色，晶莹明亮，带有明显的柑橘、白桃和甜瓜等水果香气，酸度清爽，酒体饱满。
西夫拉姆40年老树赤霞珠干红葡萄酒,2193,"Saflam 40-Year Old Vine Cabernet Sauvignon, Yantai, China",红葡萄酒,西夫拉姆酒堡,"('赤霞珠',)",黑加仑黑樱桃香草咖啡烘烤,这款葡萄酒由法国原汁进口，酒液呈樱桃红色，优雅迷人，黑色水果如黑加仑、黑樱桃的香气萦绕其中，还有浓郁的橡木桶风味，如香草、咖啡和烘烤的气味，口感圆润，酒体饱满。
西夫拉姆老树赤霞珠干红葡萄酒,1406,"Saflam Old Vine Cabernet Sauvignon, Yantai, China",红葡萄酒,西夫拉姆酒堡,"('赤霞珠',)",黑色浆果咖啡烘烤矿物质,这款葡萄酒由法国原汁进口，酒液呈樱桃红色，澄清明亮，黑色浆果的香气较为明显，还伴有橡木桶的气味以及矿物气息，入口圆润，单宁平滑，余味悠长。
西夫拉姆10年老树赤霞珠干红葡萄酒,1323,"Saflam 10-Year Old Vine Cabernet Sauvignon, Yantai, China",红葡萄酒,西夫拉姆酒堡,"('赤霞珠',)",黑色水果咖啡可可,这款葡萄酒由法国原汁进口，酒液呈樱桃红色，澄清明亮，黑色水果的香气萦绕其中，还有明显的橡木风味，酒香协调，入口圆润，余味悠长。
西夫拉姆特级赤霞珠干红葡萄酒,1397,"Saflam Premium Cabernet Sauvignon, Yantai, China",红葡萄酒,西夫拉姆酒堡,"('赤霞珠',)",黑色浆果青椒香料,这款葡萄酒由法国原汁进口，酒液呈樱桃红色，澄清明亮，有明显的黑色浆果的香气，以及青椒、香料的气味，香气馥郁，酒体优雅。
西夫拉姆酒堡赤霞珠干红葡萄酒,1896,"Saflam Cabernet Sauvignon, IGP Pays d'Oc, France",红葡萄酒,西夫拉姆酒堡,"('赤霞珠',)",,
西夫拉姆30年老树赤霞珠干红葡萄酒,1731,"Saflam 30-Year Old Vine Cabernet Sauvignon, Yantai, China",红葡萄酒,西夫拉姆酒堡,"('赤霞珠',)",,这是一款来自中国烟台产区的红葡萄酒。
西夫拉姆赤霞珠干红葡萄酒,2557,"Saflam Cabernet Sauvignon, Languedoc, France",红葡萄酒,西夫拉姆酒堡,"('赤霞珠',)",,
张裕卡斯特酒庄珍藏级蛇龙珠干红葡萄酒,4342,"Chateau Changyu-Castel Grand Reserve Cabernet Gernischt Dry Red Wien, Yantai,China",红葡萄酒,张裕卡斯特酒庄,"('蛇龙珠',)",诸香协调滋味醇厚,本品呈深宝石红色，澄清晶亮，具浓郁的酒香、和谐的醇香与橡木香气，诸香协调，相得益彰，滋味醇厚，酒体丰满、肥硕，风格典型独特。
张裕卡斯特酒庄特选蛇龙珠干红葡萄酒,2048,"Chateau Changyu-Castel Special Selection Cabernet Gernischt Dry Red Wien, Yantai,China",红葡萄酒,张裕卡斯特酒庄,"('蛇龙珠',)",,这款葡萄酒以蛇龙珠为主要原料，运用欧洲传统工艺与现代设备精心酿造，在法国橡木桶中贮藏2年以上。本品呈深宝石红色，澄清晶亮，具浓郁的酒香、和谐的醇香与橡木香气，诸香协调，相得益彰，滋味醇厚，酒体丰满、肥硕，风格典型独特。
张裕卡斯特酒庄特选霞多丽干白葡萄酒,1861,"Chateau Changyu-Castel Special Selection Chardonnay Dry White Wine, Yantai, China",白葡萄酒,张裕卡斯特酒庄,"('霞多丽',)",清香怡人圆润柔滑,这款葡萄酒选用优良干白酿酒葡萄品种，采用传统工艺，酿造设备先进。张裕卡斯特酒庄霞多丽干白葡萄酒果香浓郁、风格高雅、风味清香怡人，具有微酸爽口，圆润柔滑的口感，加上橡木桶带来的淡淡金黄颜色，增添了华贵气氛。
张裕卡斯特酒庄霞多丽干白葡萄酒,1601,"Chateau Changyu-Castel Chardonnay Dry White Wien, Yantai,China",白葡萄酒,张裕卡斯特酒庄,"('霞多丽',)",细腻雅致，柔顺爽口,本品酒色浅金黄色，澄清透明，具优美的椴树花、炒杏仁香气，果香与橡木香完美融合，细腻雅致，柔顺爽口，体现出尊贵与雍容的不凡气质，风格典型独特，实为酒中珍品。
张裕卡斯特酒庄99高级雷司令干白葡萄酒,1036,"Chateau Changyu-Castel Supremes 99 Dry White Wien, Yantai,China",白葡萄酒,张裕卡斯特酒庄,"('雷司令',)",果香浓郁、风格高雅,这款葡萄酒选用世界著名的雷司令葡萄品种，采用先进工艺技术酿造而成.果香浓郁、风格高雅、具有微酸爽口，悦怡的特色，有效地保存了雷司令葡萄的营养成分。
张裕卡斯特酒庄蛇龙珠红葡萄酒,1599,"Chateau Changyu Castel Cabernet Gernischz, Yantai, China",红葡萄酒,张裕卡斯特酒庄,"('蛇龙珠',)",,这是一款来自中国烟台的红葡萄酒，由蛇龙珠酿造而成。
台依湖赤霞珠干红葡萄酒,5047,"Taila Winery Carbernet Sauvignon, Shandong, China",红葡萄酒,台依湖酒庄,"('赤霞珠',)",果香浓郁,明亮的宝石红色，果香浓郁，整体平衡性强，单宁柔顺，中等偏轻的酒体，回味适中。
台依湖日思牌干红葡萄酒,3562,"Taila Winery Risi Dry Red Wine, Shandong, China",红葡萄酒,台依湖酒庄,"('品丽珠',)",,明亮的宝石红色，果香浓郁，整体平衡性强，单宁柔顺，中等偏轻的酒体，回味适中。
台依湖霞多丽干白葡萄酒,3495,"Taila Winery Chardonnay, Shandong, China",白葡萄酒,台依湖酒庄,"('霞多丽',)",,浅浅的麦秆黄，浓郁的果香花香，入口清新爽口，余味悠长，搭配海鲜口感更佳。
台依湖日思牌干白葡萄酒,3004,"Taila Winery Risi Dry White Wine, Shandong, China",白葡萄酒,台依湖酒庄,"('霞多丽',)",,浅浅的麦秆黄，浓郁的果香花香，入口清新爽口，余味悠长，搭配海鲜口感更佳。
泽义酒庄窖藏40°福斯特庄园白兰地,3196,"Chateau Zeyi Reserve Fusite 40° Brandy, Penglai, China",蒸馏酒,泽义酒庄,(),,外观澄澈透明，色泽呈金黄或赤金黄色，散发迷人光泽。具有葡萄品种香、陈酿橡木香和醇厚的酒香，优雅浓郁。滋味醇和、甘冽、沁润，细腻丰满绵延。
泽义酒庄40°盎格鲁VSOP白兰地,5806,"Chateau Zeyi 40° Angleon VSOP Brandy, Penglai, China",蒸馏酒,泽义酒庄,(),,盎格鲁VSOP白兰地采用上等原料结合传统工艺，由中国酿酒大师陈泽义先生亲自精心酿造而成，酒液金黄，香气馥郁、复杂、细腻、和谐，入口醇厚、丰盈。
泽义酒庄精选级12°福斯特庄园赤霞珠干红葡萄酒,2202,"Chateau Zeyi Selection Fusite 12° Cabernet Sauvignon, Penglai, China",红葡萄酒,泽义酒庄,"('赤霞珠',)",果香浓郁,呈现美丽沉稳的深宝石红色，香气浓郁，口感醇和、柔和适口、余味绵长，有着成熟果香和酒香。
泽义酒庄优选级12°福斯特庄园赤霞珠干红葡萄酒,1506,"Chateau Zeyi Optimal Choice Fusite 12° Cabernet Sauvignon, Penglai, China",红葡萄酒,泽义酒庄,"('赤霞珠',)",,选用优良的赤霞珠葡萄酿造而成，呈现深宝石红色，澄亮透明，果香浓郁。
泽义酒庄窖藏38°福斯特庄园白兰地,1063,"Chateau Zeyi Reserve Fusite 38° Brandy, Penglai, China",蒸馏酒,泽义酒庄,(),,外观澄澈透明，色泽呈金黄或赤金黄色，散发迷人光泽。具有葡萄品种香、陈酿橡木香和醇厚的酒香，优雅浓郁。滋味醇和、甘冽、沁润，细腻丰满绵延。
古顶酒庄生活馆赤霞珠干红葡萄酒,1772,"Chateau Guding Life Hall Cabernet Sauvignon, Penglai, China",红葡萄酒,古顶酒庄,"('赤霞珠',)",黑樱桃咖啡橡木风味,中度宝石红色，酒色清澈。黑樱桃的气味浓重，随之而来的是咖啡的浓香，口感饱满，热情，真实，单宁柔滑细腻。
古顶酒庄庄主优选赤霞珠干红葡萄酒,4797,"Chateau Guding Master Selection Cabernet Sauvignon, Penglai, China",红葡萄酒,古顶酒庄,"('赤霞珠',)",红色浆果坚果,深宝石红色，红色水果的果味比较突出，结构厚实，变化较为复杂，赤霞珠的典型性表现较好。
古顶酒庄庄主特选赤霞珠干红葡萄酒,2343,"Chateau Guding Superior Selection Cabernet Sauvignon, Penglai, China",红葡萄酒,古顶酒庄,"('赤霞珠',)",果香橡木风味,本酒品优选古顶庄园特色葡园栽培的国际酿酒名种葡萄赤霞珠为原料精酿而成。色泽呈宝石红色，澄清透明，果香细微清雅，酒香醇美优润，淡雅的橡木香在细腻丹宁的映衬下隽永怡人，结构饱满、口感纯正、回味悠长，是符合国际标准的特选级酒庄葡萄酒。
金色时代庄园酿酒师梦想梅洛干红葡萄酒,2916,"Golden Times Fazenda Winemaker Dream Merlot, Yantai, China",红葡萄酒,烟台时代葡萄酒,"('梅洛',)",黑莓樱桃,宝石红色到石榴红色。有蓬莱七大海岸阳光的感觉，散发着黑莓、樱桃和干药草的香气。滋味复杂，丰醇，但回味滑润、悠长。
金色时代大师品鉴S8赤霞珠干红葡萄酒,1303,"Gold Period Maestro Tasting S8 Cabernet Sauvignon, Yantai, China",红葡萄酒,烟台时代葡萄酒,"('赤霞珠',)",黑樱桃黑色浆果香草,这款葡萄酒呈黑樱桃色，略带紫色的光泽，散发着深色水果的气味，带有微微的香草味，酒体饱满，紧致，口感清爽，回味悠长。
金色时代庄园酿酒师执着梅洛干红葡萄酒,1365,"Golden Times Fazenda Winemaker Persistance Merlot, Yantai, China",红葡萄酒,烟台时代葡萄酒,"('梅洛',)",黑樱桃黑醋栗巧克力,从深樱桃色到石榴红色，边缘呈宝石红色。明显，散发着黑樱桃、黑醋栗和巧克力的香气。圆润、丰满、精雅，复杂，单宁紧致，回味悠长。
金色时代夏酝霞多丽干白葡萄酒,983,"Gold Period Summer Chardonnay, Yantai, China",白葡萄酒,烟台时代葡萄酒,"('霞多丽',)",苹果白桃哈密瓜,"浅金黄色泽,澄清晶亮。具有浓郁的果香。苹果、桃及哈密瓜的果香气息，清新怡人。口感柔和，圆滑柔和，清新爽口，酒体平衡。配芝士、海鲜、清蒸类风味最佳，亦可搭配其他食物或单独饮用。"
金色时代冬酿赤霞珠干红葡萄酒,919,"Gold Period Winter Cabernet Sauvignon, Yantai, China",红葡萄酒,烟台时代葡萄酒,"('赤霞珠',)",黑醋栗李子黑莓,酒呈深红色。散发着成熟黑醋栗的味道以及李子干和黑莓的香气。酒体饱满，口感细腻圆润，极致高雅，余味悠长。配口味偏重的肉类菜肴、烧烤野味和奶酪风味最佳，独饮同样怡人。
金色时代庄园风范梅洛干红葡萄酒,973,"Golden Time Manor Style Merlot, Yantai, China",红葡萄酒,烟台时代葡萄酒,"('梅洛',)",果味香料雪松,深宝石红色，陈酿后变为黑樱桃色，透明度极好。浓郁的水果味和香料的香味，经过一段时间，散发着雪松、调料的香气。结构完美，丰醇，圆润，但又强劲、浓烈。
金色时代庄园风范蛇龙珠干红葡萄酒,1065,"Golden Time Manor Style Cabernet Gernischt, Yantai, China",红葡萄酒,烟台时代葡萄酒,"('蛇龙珠',)",樱桃草莓,清澈的红色，闪烁着斑斓的折光，其潜藏的草莓、樱桃的复合果香，随着藏酿而弥漫，劲力和细腻出色的均衡，成熟酸味充盈口腔，十分甘美和浓郁，即使放下酒杯几分钟，依然齿颊留香，它那久久不散的香气和美味更使人难以忘怀。
金色时代秋实赤霞珠干红葡萄酒,1267,"Gold Period Autumn Cabernet Sauvignon, Yantai, China",红葡萄酒,烟台时代葡萄酒,"('赤霞珠',)",果香浓郁橡木风味,呈现深宝石红色。具有优美和谐的果香、酒香及橡木香味。口感醇厚，圆润柔顺，酒体丰满，有立体感，余味悠长。配红肉类菜肴风味极佳，独饮同样怡人。
金色时代鉴藏级大师品鉴S9干红葡萄酒,865,"Gold Period Reserve Meastro Tasting S9, Yantai, China",红葡萄酒,烟台时代葡萄酒,"('梅洛', '赤霞珠')",黑莓香草咖啡黑胡椒,呈魅力深沉的红宝石色，闪烁石榴红光泽。酒香芬芳撩人，成熟的黑莓与香草、咖啡、黑胡椒、烟熏的香气交融。充满魅力的佳酿，辛香料味道留香唇齿间，酒体丰满而宽宏有力，极致高雅，回味悠远。
金色时代海岸庄园雷司令干白葡萄酒,972,"Gold Period Coast Manor Riesling, Yantai, China",白葡萄酒,烟台时代葡萄酒,"('雷司令',)",苹果白桃菠萝烟熏,禾杆黄色，略带一丝银色，香气雅致，散发着苹果香、桃香、菠萝和隐隐的烟熏味。口感丰醇，柑橘味和爽口的酸性突出，回味悠长。
金色时代大师品鉴S9赤霞珠干红葡萄酒,1250,"Gold Period Maestro Tasting S9 Cabernet Sauvignon, Yantai, China",红葡萄酒,烟台时代葡萄酒,"('赤霞珠',)",红色浆果黑醋栗,这款经典雅致的葡萄酒呈现鲜亮的深石榴红色，边缘呈红宝石色，散发着成熟的红色和黑色水果以及咖啡的香气，入口复杂而丰满，滋味浓烈，回味可口。
金色时代海岸庄园陈酿5年霞多丽干白葡萄酒,744,"Gold Period Coast Manor Aged 5 Years Chardonnay, Yantai, China",白葡萄酒,烟台时代葡萄酒,"('霞多丽',)",柑橘苹果香草,呈黄绿色，带有一丝金色。散发着柑橘、苹果、异域水果和香草的香气。富有水果味，果味、酸度和酒精度平衡极佳。
金色时代庄园酿酒师天分霞多丽干白葡萄酒,767,"Golden Times Fazenda Winemaker Talent Chardonnay, Yantai, China",白葡萄酒,烟台时代葡萄酒,"('霞多丽',)",梨子花香,浅金色中带有一丝绿色，透明度中等。纯净、精致，散发着梨香和花香。酸性清爽，和谐微妙，回味悠长
金色时代大师品鉴S3霞多丽干白葡萄酒,1109,"Gold Period Maestro Tasting S3 Chardonnay, Yantai, China",白葡萄酒,烟台时代葡萄酒,"('霞多丽',)",果香浓郁,酒液微黄带绿晶亮透明，有着纯正自然的果香，酒香浓郁，口感醇厚。
金色时代庄园赤霞珠干红葡萄酒,726,"Golden Time Manor Cabernet Sauvignon, Yantai, China",红葡萄酒,烟台时代葡萄酒,"('赤霞珠',)",香草梅子,该酒散发着甜美轻柔的香草和清新梅子的混合香气，口感丰满，酒体紧实，单宁醇厚。橡木桶的陈酿让这款酒的潜力被充分释放。不论是作为开胃酒还是搭配异域风情的烹饪都令人印象深刻。
金色时代庄园纵横赤霞珠干红葡萄酒,603,"Golden Time Manor Unconstrained Cabernet Sauvignon, Yantai, China",红葡萄酒,烟台时代葡萄酒,"('赤霞珠',)",黑色浆果巧克力皮革,深石榴红色，边缘呈宝石红色。香气复杂，有雅致的黑色水果，巧克力、皮革、烟草的香味。口感浓郁，深厚，圆润，平衡，回味悠长，令人难忘。
金色时代庄园银奖霞多丽干白葡萄酒,577,"Golden Time Manor Silver Chardonnay, Yantai, China",白葡萄酒,烟台时代葡萄酒,"('霞多丽',)",柑橘甜瓜醋栗菠萝,鲜艳、透亮，呈浅禾杆黄色，略带一丝绿色。香气浓烈，散发着柑橘、甜瓜、醋栗、菠萝等多种水果的香气。干、熟润、酸性明显、平衡；回味纯净，无尽。
金色时代庄园酿酒师天分梅洛干红葡萄酒,476,"Golden Times Fazenda Winemaker Talent Merlot, Yantai, China",红葡萄酒,烟台时代葡萄酒,"('梅洛',)",黑色水果樱桃香料,透明度好，颜色深，呈深樱桃色。雅致，浓烈，散发着黑色水果、樱桃、香料的香气。丰醇、圆润、平衡佳，单宁和谐，回味纯净。
金色时代庄园霞多丽干白葡萄酒,662,"Golden Time Manor Chardonnay, Yantai, China",白葡萄酒,烟台时代葡萄酒,"('霞多丽',)",柑橘醋栗菠萝,呈浅禾干黄色，略带一丝绿色。香味浓烈，散发着柑橘、醋栗、菠萝等多种水果香气。口感清爽、平衡，酸性佳，平衡了水果味，回味纯净，愉悦、悠长。与海鲜搭配绝佳，与鱼和沙拉一起享用也非常好。
金色时代庄园珍酿赤霞珠干红葡萄酒,584,"Golden Time Manor Cuvee Cabernet Sauvignon, Yantai, China",红葡萄酒,烟台时代葡萄酒,"('赤霞珠',)",黑莓李子,酒液呈宝石红色，具有典型的黑莓香气和李子的香气，果香、醇香和橡木香完美结合，层次感自然丰富，回味悠长。
金色时代海岸庄园橡木桶窖藏赤霞珠干红葡萄酒,2299,"Gold Period Coast Manor Cellar Oaked Cabernet Sauvignon, Yantai, China",红葡萄酒,烟台时代葡萄酒,"('赤霞珠',)",黑醋栗巧克力香料,石榴红色，边缘呈宝石红色，透明度深。散发着黑醋栗、巧克力、甜香料的香气，成熟而雅致。口感精雅，美味，平衡极佳。
金色时代庄园酿酒师执着霞多丽干白葡萄酒,469,"Golden Times Fazenda Winemaker Persistance Chardonnay, Yantai, China",白葡萄酒,烟台时代葡萄酒,"('霞多丽',)",苹果榛子,浅禾杆黄色，略带丝丝绿色。精雅，散发着苹果香、榛子香、矿石香。圆润、精美，平衡和谐，回味持久清爽。
金色时代庄园风范雷司令干白葡萄酒,922,"Golden Time Manor Style Riesling, Yantai, China",白葡萄酒,烟台时代葡萄酒,"('雷司令',)",青草醋栗梨,呈浅禾杆黄色，略带一丝银色。新鲜、刺激，散发着青草香、醋栗香、热带水果和梨香。滋味浓烈、复杂，回味鲜美、悠长。
金色时代七大海岸赤霞珠干红葡萄酒,1255,"Gold Period Seven Coast Cabernet Sauvignon, Yantai, China",红葡萄酒,烟台时代葡萄酒,"('赤霞珠',)",黑色浆果紫罗兰,深石榴红色，边缘呈紫色，香气雅致，散发着黑色水果、紫罗兰的香气。口感丰满、圆润，单宁浓郁，回味悠长。
金色时代庄园银奖长相思干白葡萄酒,1521,"Golden Time Manor Silver Sauvignon Blanc, Yantai, China",白葡萄酒,烟台时代葡萄酒,"('长相思',)",苹果菠萝香草,色泽晶莹亮丽，清澈透明，散发着苹果、菠萝的成熟的芬芳和香草的香气，馥郁迷人；口感柔和，清新流畅，甘美舒顺，酒体均衡，余味悠长，独具风格。配餐建议:配海鲜、清蒸鱼类风味最佳。
金色时代大师品鉴S3赤霞珠干红葡萄酒,1453,"Gold Period Maestro Tasting S3 Cabernet Sauvignon, Yantai, China",红葡萄酒,烟台时代葡萄酒,"('赤霞珠',)",黑色浆果香草,这款葡萄酒呈现美丽幽深的红宝石色，黑色桨果的香气浓郁，融合着微妙的香草气息，酒香与橡木香协调一致。入口香气浓郁，单宁柔滑如丝酒体醇美和谐，给人无限遐思与回味。配猪、牛、羊等红肉类及奶酪风味最佳，独饮同样怡人。
金色时代海岸庄园陈酿5年蛇龙珠干红葡萄酒,921,"Gold Period Coast Manor Aged 5 Years Cabernet Gernischt, Yantai, China",红葡萄酒,烟台时代葡萄酒,"('蛇龙珠',)",黑色浆果李子,很暗的黑红色，边缘呈宝石红色。香气突出，散发着黑色浆果，李子的香气。口感丰满、酸性清爽，单宁平衡，回味悠长。
金色时代庄园辉煌赤霞珠干红葡萄酒,814,"Golden Time Manor Brilliant Cabernet Sauvignon, Yantai, China",红葡萄酒,烟台时代葡萄酒,"('赤霞珠',)",果香浓醇橡木风味,该酒呈深宝石红色，澄净晶亮，具有典型的品种香气，浓郁的醇香与橡木香气，协调，口味圆润，醇厚，酒体丰满，典型极强。
金色时代特选级霞多丽干白葡萄酒,680,"Gold Period Special Selection Chardonnay, Yantai, China",白葡萄酒,烟台时代葡萄酒,"('霞多丽',)",苹果哈密瓜杏仁,悦目的浅金黄色中带出细微的绿色光泽。既有新鲜水果的浓郁芬芳，又有清幽的苹果、哈密瓜和杏仁的芳香。果香味气息充满味蕾，口感柔和圆滑，清闲舒爽，酒体均衡，余味悠长。
金色时代海岸庄园橡木桶珍酿干红葡萄酒,1021,"Gold Period Coast Manor Oaked Cuvee, Yantai, China",红葡萄酒,烟台时代葡萄酒,(),黑色水果果干,呈不透明的深色，边缘紫色，散发着果干和黑色水果的香气，口感浓烈，质地圆润成熟。
金色时代庄园酿酒师执着赤霞珠干红葡萄酒,611,"Golden Times Fazenda Winemaker Persistance Cabernet Sauvignon, Yantai, China",红葡萄酒,烟台时代葡萄酒,"('赤霞珠',)",李子泥土香料,雅致的深石榴红色，边缘呈红宝石色。浓郁，散发着林地水果，成熟李子、泥土和香料的气息。滑润、复杂，极为平衡，滋味强烈，回味延绵不绝。
金色时代庄园窖藏15年干红葡萄酒,830,"Golden Times Fazenda Cellar Aged 15 Years Red Wine, Yantai, China",红葡萄酒,烟台时代葡萄酒,(),香草梅子,该酒散发着甜美轻柔的香草和清新梅子的混合香气，口感丰满，酒体紧实，单宁醇厚。橡木桶的陈酿让这款酒的潜力被充分释放。
金色时代庄园领袖赤霞珠干红葡萄酒,1134,"Golden Time Manor Leader Cabernet Sauvignon, Yantai, China",红葡萄酒,烟台时代葡萄酒,"('赤霞珠',)",甘草无花果香料巧克力,呈深黑樱桃色，有果酱味，散发着干草、无花果、香料和巧克力的气息。酒体强劲、雅致，均衡、和谐，深厚、圆润，回味悠长。
金色时代庄园冰纯浓缩白葡萄酒,1099,"Golden Times Fazenda Ice Pure White Wine, Yantai, China",白葡萄酒,烟台时代葡萄酒,(),菠萝桃蜂蜜无花果,明快、鲜亮的禾杆黄色，略带绿色。香气精雅，散发着淡淡的菠萝、桃、蜂蜜、无花果的香气。口感香甜、微妙，醇厚、丰满，酸性和含蓄的甜味平衡和谐，回味纯净、清新、持久。口感比该酒稍弱的甜味菜点，乳酪，鹅肝或鹅肝酱。
金色时代庄园冰纯浓缩红葡萄酒,1006,"Golden Times Fazenda Ice Pure Red Wine, Yantai, China",红葡萄酒,烟台时代葡萄酒,(),菠萝蜂蜜巧克力甘草,鲜亮的浅宝石红色，略带紫色。散发着淡淡的菠萝、桃、蜂蜜、巧克力和甘草的香气。口感香甜、酸性微妙，酸性和含蓄的甜味平衡和谐，醇厚，回味纯净、清新、持久，美味均衡，可改善对食物的味觉，是难得的佳品。
金色时代春华赤霞珠干红葡萄酒,1160,"Gold Period Spring Cabernet Sauvignon, Yantai, China",红葡萄酒,烟台时代葡萄酒,"('赤霞珠',)",果香浓郁橡木香气,带着宝石红色泽。有芬芳的果香和醇厚的酒香及优雅的橡木香。口感柔顺，滋味醇厚协调，柔和圆润，结构丰满，层次丰富。配口味偏重的肉类菜肴、烧烤野味和奶酪风味最佳，独饮同样怡人。
金色时代珍藏级大师品鉴S8赤霞珠干红葡萄酒,1193,"Gold Period Reserve Meastro Tasting S8 Cabernet Sauvignon, Yantai, China",红葡萄酒,烟台时代葡萄酒,"('赤霞珠',)",樱桃蓝莓香草,这款葡萄酒呈现美丽深沉的红宝石色。酒香芬芳撩人，成熟的樱桃、蓝莓与香草、咖啡、黑胡椒、烟熏的香气交融。是一款充满魅力的佳酿，辛香料味道留香唇齿间，酒体丰满而宽宏有力，极致高雅，回味悠远。
金色时代精选级大师品鉴S6赤霞珠干红葡萄酒,573,"Gold Period Selection Maestro Tasting S6 Cabernet Sauvignon, Yantai, China",红葡萄酒,烟台时代葡萄酒,"('赤霞珠',)",黑色浆果薄荷甜椒,晶莹通透，呈宝石红色。新鲜的黑色水果芳香持久，显露出薄荷和甜椒的气息。多种红色水果味，单宁柔和，酒体轻盈，口感平衡顺口，适应女士饮用。配白肉及红肉菜肴风味最佳，独饮同样怡人。
金色时代庄园酿酒师风格梅洛干红葡萄酒,456,"Golden Times Fazenda Winemaker Style Merlot, Yantai, China",红葡萄酒,烟台时代葡萄酒,"('梅洛',)",樱桃香草,艳丽透亮的宝石红色，透明度中等。散发着樱桃以及其他红色水果的香气，还有微微的烟草和香草的香气。口感精雅，圆润、清新，单宁柔顺，回味中长。
金色时代典藏级赤霞珠干红葡萄酒,1873,"Gold Period Colletction Cabernet Sauvignon, Yantai, China",红葡萄酒,烟台时代葡萄酒,"('赤霞珠',)",黑色浆果香草,呈美丽幽深的红宝石色。黑色桨果的香气浓郁，融合着微妙的香草气息，酒香与橡木香协调一致。口香浓郁，单宁柔滑如丝，酒体醇美和谐，给人无限遐思与回味。配猪、牛、羊等红肉类及奶酪风味最佳，独饮同样怡人。
金色时代庄园纵横高级干红葡萄酒,442,"Golden Time Manor Unconstrained Premium, Yantai, China",红葡萄酒,烟台时代葡萄酒,"('赤霞珠',)",深色浆果紫罗兰巧克力,深石榴红色，映射着红宝石色到橙色。散发着深色浆果、紫罗兰、林下灌木和巧克力的香气，口感极为和谐，酸性突出，水果滋味深厚。
金色时代庄园酿酒师风格霞多丽干白葡萄酒,559,"Golden Times Fazenda Winemaker Style Chardonnay, Yantai, China",白葡萄酒,烟台时代葡萄酒,"('霞多丽',)",苹果柑橘花香,浅浅的禾杆黄色，清透，鲜亮，清淡。散发着花草香、幽淡而不浓烈。有苹果味、柑橘味、余味稍有钢铁味，口感纯净。
金色时代特选级赤霞珠干红葡萄酒,597,"Gold Period Special Selection Cabernet Sauvignon, Yantai, China",红葡萄酒,烟台时代葡萄酒,"('赤霞珠',)",香草咖啡黑胡椒,美丽的红宝石色，闪烁石榴红光泽。酒香芬芳怡人，香草、咖啡、黑胡椒烟熏的香气纯正浓郁。充满魅力的佳酿，酒体丰满协调单宁适中柔顺，极致高雅，回味悠远。
南山庄园高尔夫西拉干红葡萄酒,2557,"Landsun Manor Golf Syrah Dry Red Wine, Yantai, China",红葡萄酒,南山庄园,"('西拉', '赤霞珠')",均衡精致余韵悠长,这款葡萄酒的酒液呈深宝石红色，优雅细腻的橡木香和浓郁的堇菜香气相得益彰，酒质均衡精致，口感醇厚肥硕，余韵悠长。其尊贵典雅的品质和高雅休闲的高尔夫运动浑然成为一体，适合搭配奶酪及红肉类食物。
南山庄园金版蛇龙珠红葡萄酒,2230,"Landsun Manor Golden Edition Cabernet Gernisht Red Wine, Yantai, China",红葡萄酒,南山庄园,"('蛇龙珠',)",圆润肥硕平衡协调,这款葡萄酒是由100%优质蛇龙珠控温浸渍发酵而成，橡木桶陈酿18个月。酒体呈现出漂亮的宝石红色，澄清有光泽，散发着甘草、胡椒及松木的香气，入口圆润肥硕，浓郁丰富，诸味平衡协调，彰显个性，适合搭配鸭类食物搭配，如潮州酱鸭。
南山庄园高级橡木桶干白,1984,"Landsun Manor Premium Oaked Chardonnay White Wine, Yantai, China",白葡萄酒,南山庄园,"('霞多丽',)",入口清爽酒体活跃,这款葡萄酒酒液呈禾秆黄色，晶莹剔透。具有柠檬及芒果的怡人香气，入口清爽，酒体活跃，微酸适口。具有霞多丽葡萄酒的典型特征。与海鲜佐餐口味更佳，适合搭配生鱼片、寿司、扇贝大配件。
南山庄园梅洛干红葡萄酒,1939,"Landsun Manor Merlot Dry Red Wine, Yantai, China",红葡萄酒,南山庄园,"('梅洛',)",馥郁优雅回味雅致,这款葡萄酒的酒液呈深宝石红色，悦目协调。蕴含着上等块菰、辛料的香气，陈酿香细腻、馥郁优雅，和谐平衡，回味雅致，是法国AOP级精品葡萄酒之一。
南山庄园霞多丽干白葡萄酒,1980,"Landsun Manor Chardonnay Dry White Wine, Yantai, China",白葡萄酒,南山庄园,"('霞多丽',)",澄清透亮细腻优雅,这款葡萄酒以霞多丽葡萄为原料，低温澄清精酿而成。酒液呈禾秆黄色，澄清透亮，果香细腻优雅，低温饮用沁人心脾，配以海鲜佐餐更加芳醇浓郁，是一款酒中佳品。
南山庄园赤霞珠干红葡萄酒,1519,"Landsun Manor Cabernet Sauvignon Dry Red Wine, Yantai, China",红葡萄酒,南山庄园,"('赤霞珠',)",纯正浓郁醇厚肥硕,这款葡萄酒以优质赤霞珠葡萄为主要原料，按照最佳比例均衡调配，经过橡木桶贮存陈酿。酒液呈美丽的宝石红色，悦目协调、具有优质块菰及黑加仑的香气。果香、陈酿香纯正浓郁、口感醇厚肥硕，典型性强。
威龙有机酒堡优级干白葡萄酒,1711,"Grand Dragon Organic Chateau Optimal Dry White, Yantai, China",白葡萄酒,威龙葡萄酒,"('意大利雷司令', '霞多丽')",柑橘西柚菠萝,威龙有机酒堡优级干白葡萄酒由霞多丽和贵人香混酿而成。葡萄酒呈禾杆黄色，美丽自然，具有成熟的热带水果香气，浓郁迷人，酒体精致爽净，平衡协调，风格突出。
威龙原生级优级酒田有机干红葡萄酒,1531,"Grand Dragon Native Level Optimal Vineyard Organic Dry Red, Yantai, China",红葡萄酒,威龙葡萄酒,"('梅洛', '赤霞珠')",草莓醋栗,威龙原生级优级酒田有机干红葡萄酒由赤霞珠和梅洛精酿而成。葡萄酒呈深宝石红，有着纯正自然的果香、酒香，口味醇厚顺滑，美妙和谐。
威龙沙漠奇迹有机干红葡萄酒,1425,"Grand Dragon Desert Miracle Organic Dry Red, Yantai, China",红葡萄酒,威龙葡萄酒,"('梅洛', '赤霞珠')",草莓樱桃覆盆子,威龙沙漠奇迹有机干红葡萄酒由梅洛和赤霞珠混酿而成，葡萄酒酒体呈深宝石红，口感醇厚饱满、结构饱满，圆润协调，最适合与肉类等颜色深味道重的菜肴搭配。
威龙大师级酒庄玛瑟兰有机干红葡萄酒,3128,"Grand Dragon Master Winery Organic Marselan, Yantai, China",红葡萄酒,威龙葡萄酒,"('马瑟兰',)",成熟水果香料,威龙大师级酒庄玛瑟兰有机干红葡萄酒是选用庄园中名贵的稀缺品种——玛瑟兰为原料酿制而成。该酒呈深宝石红色，具有高贵典雅的果香和纯正自然的酒香、橡木香，入口圆润流畅，层次丰富，酒体醇厚丰满，各种滋味精致细腻，愉悦持久，让人回味无穷。
威龙有机酒堡特级干红葡萄酒,2472,"Grand Dragon Organic Chateau Special Dry Red, Yantai, China",红葡萄酒,威龙葡萄酒,"('梅洛', '赤霞珠')",醋栗李子香草,威龙有机酒堡特级干红葡萄酒是精选威龙有机庄园优质葡萄为原料，严格按照有机方式酿造。该酒呈深宝石红，色泽亮丽自然，具有成熟馥郁的酒香和果香，口味丰富醇厚，纯正自然，甘美柔协。
威龙手选级优级酒田有机干白葡萄酒,1208,"Grand Dragon Hand-picking Level Optimal Vineyard Organic Dry White, Yantai, China",白葡萄酒,威龙葡萄酒,"('意大利雷司令', '霞多丽')",柠檬西柚菠萝,威龙手选级优级酒田有机干白葡萄酒由霞多丽和贵人香酿造而成，葡萄酒呈浅黄色，色泽亮丽，有着浓郁优雅的热带水果的香气，酒体新鲜活泼，纯正自然。
威龙有机酒堡优级干红葡萄酒,1513,"Grand Dragon Organic Chateau Optimal Dry Red, Yantai, China",红葡萄酒,威龙葡萄酒,"('梅洛', '赤霞珠')",黑色桨果,威龙有机酒堡优级干红葡萄酒由赤霞珠和梅洛混酿而成。本品呈深宝石红，沉稳而不失活泼，具有成熟的黑浆果香气，香气持久迷人，口感平衡协调，细腻精致，美妙柔顺。
威龙手选级特级酒田有机干红葡萄酒,3385,"Grand Dragon Hand-picking Level Special Vineyard Organic Dry Red, Yantai, China",红葡萄酒,威龙葡萄酒,"('梅洛', '赤霞珠')",草莓李子香料,威龙手选级特级酒田有机干红葡萄酒由赤霞珠和梅洛精酿而成。这款葡萄酒呈深宝石红，沉稳中又有灵动，优雅馥郁的香气非常迷人，美妙又充满活力的口味叫人回味无穷。
威龙有机酒堡鼎级干红葡萄酒,729,"Grand Dragon Organic Chateau Dingji Dry Red, Yantai, China",红葡萄酒,威龙葡萄酒,"('梅洛', '赤霞珠')",蓝莓覆盆子青椒,威龙有机酒堡鼎级干红葡萄酒以威龙有机庄园名贵有机葡萄为原料，严格控制亩产不超过500千克，纯有机方式酿造。该酒具有自然悦目的深宝石红色，光泽亮丽，令人陶醉的果香、酒香和陈酿香，持久不散，丰满细腻，柔协的滋味令人念念不忘。
威龙砂砾阳光有机干红葡萄酒,1281,"Grand Dragon Gravel Sunshine Organic Dry Red, Yantai, China",红葡萄酒,威龙葡萄酒,"('梅洛', '赤霞珠')",草莓李子香料,威龙砂砾阳光有机干红葡萄酒的原料全部来自甘肃威龙沙漠绿洲有机葡萄庄园。沙砾土壤通透性好，矿物质含量高，能保证葡萄健康成长。充足的阳光，能让葡萄充分成熟，风味更浓郁。
威龙橡木桶10年窖藏黑比诺干红葡萄酒,2032,"Grand Dragon 10-Year Oak Barrel Aged Pinot Noir, Yantai, China",红葡萄酒,威龙葡萄酒,"('黑皮诺',)",皮革香料咖啡烟熏,这款葡萄酒呈深宝石红色，具有浓郁的果香，以及经陈酿后发展出的皮革味和香料味，酒香协调，口感圆润，单宁丝滑，酒体饱满，适宜搭配烤肉一类食物。
威龙西域老树干红葡萄酒,1137,"Grand Dragon Western Regions Old Vine Dry Red, Yantai, China",红葡萄酒,威龙葡萄酒,"('赤霞珠',)",黑色水果咖啡烟熏巧克力,威龙西域老树干红葡萄酒选取15年以上的老树葡萄，在橡木桶中陈酿18个月而成。该酒呈深宝石红，酒中带有明显的黑色水果的芳香，以及橡木桶赋予的咖啡、烟熏和巧克力的香气，单宁丝滑，口感柔顺，酒体饱满。
威龙橡木桶陈酿雷司令干白葡萄酒,885,"Grand Dragon Oak Barrel Aged Riesling, Yantai, China",白葡萄酒,威龙葡萄酒,"('雷司令',)",菠萝西柚柠檬,这款葡萄酒呈禾杆黄色，澄清透明，具有浓郁的果香，如菠萝、西柚和柠檬，以及优雅的酒香，酸爽清新，回味适中。
威龙沙漠奇迹有白干红葡萄酒,1665,"Grand Dragon Desert Miracle Organic Dry White, Yantai, China",白葡萄酒,威龙葡萄酒,"('意大利雷司令', '雷司令')",柠檬西柚菠萝,威龙沙漠奇迹有白干红葡萄酒由雷司令和贵人香混酿而成，酒体呈深柠檬黄色，美丽自然，具有浓郁的水果香气，如柠檬、西柚及菠萝等，口感清爽，平衡协调。
威龙橡木桶8年窖藏黑比诺干红葡萄酒,1916,"Grand Dragon 8-Year Oak Barrel Aged Pinot Noir, Yantai, China",红葡萄酒,威龙葡萄酒,"('黑皮诺',)",草莓樱桃香料,这款葡萄酒呈宝石红色，带有浓郁的红色水果的芳香，如草莓、樱桃等，以及香料和橡木的香气，口感圆润饱满，酒体精致。
奥德曼窖藏干红葡萄酒,1775,"Oldman Cellar Aged Dry Red, Shandong, China",红葡萄酒,奥德曼酒庄,"('赤霞珠',)",黑加仑黑李子咖啡烟熏,这款葡萄酒采用传统的法国品种赤霞珠酿造而成，果香优雅迷人，有浓郁的黑加仑和黑李子的香味，还有橡木桶赋予的咖啡和烟熏等气味，口感紧致和谐，饮后留香悠长舒适。
奥德曼酒庄窖藏美乐干红葡萄酒,1231,"Oldman Manor Cellar Aged Merlot, Shandong, China",红葡萄酒,奥德曼酒庄,"('梅洛', '赤霞珠')",紫罗兰甜樱桃李子草莓红甘草糖,这款葡萄酒为赤霞珠和梅洛相结合的典范之作，主要在静态发酵罐中完成，装罐前在法国橡木桶中成熟9个月。该酒呈深宝石红色，酒体中弥漫着丝丝紫罗兰花香，还有甜樱桃、李子、草莓和一丝红甘草糖和焦橡木的味道，丰满而复杂，回味悠长干爽，适宜搭配烤牛肉及其它红肉类肴。
奥德曼A级葡园宝石解百纳干红葡萄酒,841,"Oldman A-Level Vineyard Cabernet, Shandong, China",白葡萄酒,奥德曼酒庄,"('卡本内',)",樱桃李子草莓,这款葡萄酒以奥德曼A级葡园中最为上乘的宝石解百纳葡萄为原料，由著名酿酒大师主持精心酿制，经过了长时间的橡木储存及合理的瓶藏。该酒色泽呈高雅的宝石红色，果香浓郁，酒香醇美，口味和谐自然，回味余长。
奥德曼解百纳干红葡萄酒,1339,"Oldman Cabernet, Shandong, China",红葡萄酒,奥德曼酒庄,"('赤霞珠',)",黑加仑黑樱桃黑李子,这款葡萄酒乃采用传统的法国品种赤霞珠酿造而成，具有优雅的果香和浓郁丰厚的酒香，馥郁而沁人心脾，酒体丰满协调，口感紧致和谐，饮后留香悠长舒适，极具法国传统名酒气质。
奥德曼世家精品干红葡萄酒,655,"Oldman Boutique Dry Red, Shandong, China",红葡萄酒,奥德曼酒庄,"('赤霞珠',)",黑樱桃黑李子,这款葡萄酒乃采用传统的法国品种赤霞珠酿造而成，具有优雅的果香和浓郁丰厚的酒香，馥郁而沁人心脾，酒体丰满协调，口感紧致和谐，饮后留香悠长舒适，极具法国传统名酒气质。
奥德曼酒庄典藏蛇龙珠干红葡萄酒,1845,"Oldman Manor Classic Reserve Cabernet Gernischt, Shandong, China",红葡萄酒,奥德曼酒庄,"('蛇龙珠',)",成熟的浆果香草辣椒,这款葡萄酒选用最优质的酿酒葡萄蛇龙珠为主要原料，经过控温发酵和恒温橡木桶陈酿而成。该酒色泽深红，成熟的浆果和香草、辣椒的香气萦绕期中，适中的酒体展现了成熟的单宁，明显的酸度以及绵长的果味，是搭配烤鸡或牛肉的很好选择。
奥德曼霞多丽干白葡萄酒,730,"Oldman Special Chardonnay, Shandong, China",白葡萄酒,奥德曼酒庄,"('霞多丽',)",柑橘梨子,这款葡萄酒乃采用传统的法国名种霞多丽酿造而成，具有优雅的果香和浓郁丰厚的酒香，馥郁而沁人心脾，酒体丰满协调，口感紧致和谐，饮后留香悠长舒适，极具法国传统名酒气质。
奥德曼庄园赤霞珠干红葡萄酒,860,"Oldman Manor Cabernet Sauvignon, Shandong, China",红葡萄酒,奥德曼酒庄,"('赤霞珠',)",黑加仑黑李子,该款酒选用德州地产优良葡萄品种赤霞珠精酿而成，具有宝石红般的色泽，含优雅而又充满活力的果香，温柔的口感，淡淡的单宁酸味和柔和的橡木气息令人难忘。
奥德曼酒庄珍藏卡佰纳干红葡萄酒,2291,"Oldman Manor Reserve Cabernet, Shandong, China",红葡萄酒,奥德曼酒庄,"('卡本内',)",李子黑加仑烟熏木质,这款葡萄酒为精选优质的酿酒葡萄酿造，明亮的宝石红色伴随深红的光晕，柔和的浆果果味中蕴含着烟草和木质的气息，酒体适中，单宁结构平衡，充满成熟的李子、黑加仑等果味，回味怡人而持久。
奥德曼宝石解百纳干红葡萄酒,1134,"Oldman Gem Cabernet, Shandong, China",红葡萄酒,奥德曼酒庄,"('卡本内',)",李子樱桃,这款葡萄酒系100%精选适合德州独特环境的酿酒葡萄品种——宝石解百纳为原料，采用先进工艺精心酿制，并经橡木储存而成。该酒具有鲜明的地域特征，呈深宝石红色，有优雅的果香和醇厚的酒香，口味丰满柔顺，余味悠长。
奥德曼庄园解百纳干红葡萄酒,542,"Oldman Manor Cabernet, Shandong, China",红葡萄酒,奥德曼酒庄,"('卡本内',)",李子樱桃醋栗烟熏,这款葡萄酒选用德州地产优良葡萄品种，具有复杂的地域特性。该酒呈鲜艳的宝石红色，果香纯正柔和，橡木香充盈雅致，发酵时的温度控制良好，在保持了尽可能多的果香的同时，也获得了平衡的酒体。
奥德曼新经典干红葡萄酒,1664,"Oldman New Classic Dry Red, Shandong, China",红葡萄酒,奥德曼酒庄,"('卡本内',)",李子樱桃醋栗,这款干红葡萄酒，乃采用传统的法国葡萄品种酿造而成，具有优雅的果香和浓郁丰厚的酒香，馥郁而沁人心脾，酒体丰满协调，口感紧致和谐，饮后留香悠长舒适。
亚菲特酒庄解百纳十五年珍品干红葡萄酒,1723,"Yafelte Winery Fifteen-Year-Old Cellar Cabernet Sauvignon CuveeDry Red Wine, Yantai, China",红葡萄酒,烟台亚菲特酒庄有限公司,"('赤霞珠',)",芳香浓郁酒香雅致,这款葡萄酒采用手工精选的赤霞珠为原料，陈酿15年而成。酒体呈现饱满成熟的宝石红色，芳香浓郁，酒香雅致，香气层次复杂，是一款品质卓越的干红葡萄酒。
欧氏庄园梅洛红葡萄酒,2549,"Chateau Oushi Merlot Dry Red Wine, Yantai, China",红葡萄酒,烟台亚菲特酒庄有限公司,"('梅洛',)",愉人雅致,这款葡萄酒采用手工精选的烟台产区的优质梅洛酿制而成。酒体呈现出漂亮的宝石红色，酒体饱满，散发着愉人的果香和雅致的酒香，香气层次感较强，是款不可多得的干红佳酿。
悦来香窖藏赤霞珠干红葡萄酒,924,"Chateau Yuelai Xiang Cabernet Sauvignon Red Wine Reserve, Yantai, China",红葡萄酒,烟台亚菲特酒庄有限公司,"('赤霞珠',)",馥雅典致,这款葡萄酒采用手工精选的赤霞珠酿制而成，经法国橡木桶陈酿一段时间后酒液更加柔顺。酒体呈现出漂亮的红宝石色，色泽饱满。结构平衡，口感柔顺，香气馥雅典致，是款值得珍藏的干红佳品。
欧氏庄园卡本内红葡萄酒,924,"Chateau Oushi Cabernet Red Wine, Yantai, China",红葡萄酒,烟台亚菲特酒庄有限公司,"('卡本内',)",结构平衡口感柔顺,这款葡萄酒采用手工精选的烟台产区的优质卡本内酿制而成。酒体呈现出漂亮的宝石红色，酒体饱满，散发着愉人的果香和雅致的酒香，香气层次感较强，是款不可多得的干红佳酿。
欧氏庄园赤霞珠红葡萄酒,773,"Chateau Oushi Cabernet Sauvignon Red Wine, Yantai, China",红葡萄酒,烟台亚菲特酒庄有限公司,"('赤霞珠',)",结构平衡香气馥郁,这款葡萄酒采用手工精选的烟台产区的优质赤霞珠酿制而成。酒体呈现出漂亮的宝石红色，酒体饱满，散发着愉人的果香和雅致的酒香，香气层次感较强，是款不可多得的干红佳酿。
三九庄园8年橡木桶陈酿赤霞珠干红葡萄酒,2785,"Sanjiu 8-Year Barrel Aged Cabernet Sauvignon, Yantai, China",红葡萄酒,烟台三九庄园,"('赤霞珠',)",,这款酒呈石榴红色，香气表现出充沛的黑樱桃、黑莓等水果香气，口感绵密，酸度平衡。
三九庄园橡木桶10年陈酿干红葡萄酒,678,"Sanjiu 10-Year Barrel Aged, Yantai, China",红葡萄酒,烟台三九庄园,"('赤霞珠',)",红樱桃干黑樱桃干丁香甘草,这款酒经过长时间陈年，香气表现出更多的干果香气，如红樱桃干、李子干，还有明显的甘草、丁香等香料香气，口感密实平衡。
致醇三九庄园特酿蛇龙珠干红葡萄酒,1241,"Zhichun Sanjiu Zhuangyuan Cuvee Cabernet Gernischt, Yantai, China",红葡萄酒,烟台三九庄园,(),,这款酒呈现出红色水果香气，酸度适中，结构平衡，口感圆润饱满。
三九庄园金版橡木桶窖藏干红葡萄酒,3106,"Sanjiu Golden Version Oak Aged Dry Red, Yantai, China",红葡萄酒,烟台三九庄园,"('赤霞珠',)",樱桃干甘草烘烤橡木桶,这款干红葡萄酒经过一定时间的橡木桶陈年，散发出非常成熟的果香，口感更加柔顺，橡木桶带来的香气与原有的果香混合在一起非常平衡。
三九庄园橡木桶蛇龙珠干红葡萄酒,2356,"Sanjiu Barrel Cabernet Gernischet, Yantai, China",红葡萄酒,烟台三九庄园,"('蛇龙珠',)",黑色水果红色水果药草,这款葡萄酒呈石榴红色，散发出成熟黑色水果、红色水果及药草味，口感圆润饱满，酸度平衡。
致醇三九特醇橡木桶干红葡萄酒,1800,"Zhichun Sanjiu Bouquet Barrel, Yantai, China",红葡萄酒,烟台三九庄园,"('赤霞珠', '蛇龙珠')",,这款葡萄酒呈红宝石色，表现出黑樱桃、黑莓、黑醋栗、红樱桃等水果香气，口感圆润、平衡。
致醇三九赤霞珠干红葡萄酒,1002,"Zhichun Sanjiu Cabernet Sauvignon, Yantai, China",红葡萄酒,烟台三九庄园,"('赤霞珠',)",,这款酒晶莹剔透，呈现出标量的红宝石色，香气清新怡人，口感圆润，酸度平衡。
致醇三九橡木桶珍藏特选级窖藏干红葡萄酒,707,"Zhichun Sanjiu Barrel Cuvee Special Selection, Yantai, China",红葡萄酒,烟台三九庄园,"('赤霞珠',)",黑樱桃红樱桃甘草丁香,这是一款经过橡木桶珍藏的红葡萄酒，酒色呈石榴红色，散发出黑樱桃、红樱桃、甘草、丁香等香气，口感柔顺，结构平衡。
致醇三九6年窖藏蛇龙珠干红葡萄酒,1127,"Zhichun Sanjiu Six Years Cuvee Cabernet Gernischt, Yantai, China",红葡萄酒,烟台三九庄园,"('蛇龙珠',)",,这款酒经过长时间的陈年，呈现出石榴红色，表现出更多的水色水果和黑色水果果干的香气，口感细腻圆润。
三九庄园金版橡木桶20年窖藏干红葡萄酒,2108,"Sanjiu Golden Version 20-Year Barrel Aged, Yantai, China",红葡萄酒,烟台三九庄园,"('赤霞珠',)",,这款葡萄酒经过长时间的陈年，果香表现出红色干果香气，如樱桃干、李子干等，口感密实圆润，回味长。
三九海岸21年金版橡木桶窖藏赤霞珠干红葡萄酒,539,"Sanjiu Haian 21-Year Gold Version Barrel Cuvee Cabernet Sauvignon, Yantai, China",红葡萄酒,烟台三九庄园,"('赤霞珠',)",黑樱桃红樱桃甘草,这款葡萄酒呈石榴红色，表现出丰满的黑樱桃、红樱桃、甘草和烘烤橡木的香气，口感圆润、饱满，回味悠长。
致醇三九20年金版橡木桶赤霞珠干红葡萄酒,604,"Zhichun Sanjiu 20-year Gold Version Barrel Cabernet Sauvignon, Yantai, China",红葡萄酒,烟台三九庄园,"('赤霞珠',)",黑樱桃、黑李子、甘草、药草,这款葡萄酒呈现出石榴红色，香气馥郁饱满，以黑樱桃、红樱桃、李子为主，并散发出淡淡的甘草和药草香气，口感圆润饱满。
致醇三九三星橡木桶珍藏赤霞珠干红葡萄酒,1190,"Zhichun Sanjiu Three Star Barrel Age Cabernet Sauvignon, Yantai, China",红葡萄酒,烟台三九庄园,"('赤霞珠',)",,这款葡萄酒呈石榴红色，散发着浓浓的干果香气，如黑樱桃、红樱桃、黑李子等，还有甘草、烘烤橡木、丁香等香气，口感圆润平衡。
致醇三九酒庄赤霞珠干红葡萄酒,1280,"Zhichun Sanjiu Jiuzhuang Cabernet Sauvignon, Yantai, China",红葡萄酒,烟台三九庄园,"('蛇龙珠',)",红色水果黑色水果,这款酒呈宝石红色，表现出红色水果与黑色水果的香气，口感复杂，结构平衡。
致醇三九银标黑比诺干红葡萄酒,1439,"Zhichun Sanjiu Silver Label Pinot Noir, Yantai, China",红葡萄酒,烟台三九庄园,"('黑皮诺',)",,这款葡萄酒呈鲜亮的石榴红色，香气馥郁芬芳，表现出明显的红色水果香气，回味中带着淡淡的酸梅味。
致醇三九红标赤霞珠干红葡萄酒,891,"Zhichun Sanjiu Red Label Cabernet Sauvignon, Yantai, China",红葡萄酒,烟台三九庄园,"('赤霞珠',)",黑樱桃红樱桃草莓烘烤橡木,这款酒带有充沛的黑色水果和红色水果香气，如黑樱桃、红樱桃、红醋栗，口感圆润饱满。
烟台三叶高级赤霞珠干红葡萄酒,4198,"Yantai Sanye Superium Cabernet Sauvignon, Yantai, China",红葡萄酒,烟台三叶葡萄酒,"('赤霞珠',)",,酒液呈宝石红色，酒香浓郁，具有优雅的果香味，酒体圆润丰满有结构感。
烟台三叶霞多丽干白葡萄酒,2813,"Yantai Sanye Chardonnay Dry White Wine, Yantai, China",白葡萄酒,烟台三叶葡萄酒,"('霞多丽',)",,此款干白葡萄酒带有葡萄柚、桃子、矿物的味道，口感柔和。
烟台三叶特制精选赤霞珠干红葡萄酒,1643,"Yantai Sanye Special Fine Cabernet Sauvignon, Yantai, China",红葡萄酒,烟台三叶葡萄酒,"('赤霞珠',)",,酒液呈宝石红色，酒香浓郁，具有优雅的果香味，酒体圆润丰满有结构感。
烟台三叶典藏优选赤霞珠干红葡萄酒,2599,"Yantai Sanye Reserve Selection Cabernet Sauvignon, Yantai, China",红葡萄酒,烟台三叶葡萄酒,"('赤霞珠',)",,酒液呈宝石红色，酒香浓郁，具有优雅的果香味，酒体圆润丰满有结构感。
烟台三叶诺曼男爵赤霞珠干红葡萄酒,1389,"Yantai Sanye Norman Baron Cabernet Sauvignon, Yantai, China",红葡萄酒,烟台三叶葡萄酒,"('赤霞珠',)",,这款酒带有明显的黑色水果香气和一些陈年香气，香气复杂、自然，口感圆润多汁，结构复杂、平衡。
烟台三叶金伯爵高级干红葡萄酒,2800,"Yantai Sanye Golden Count Superium Dry Red Wine, Yantai, China",红葡萄酒,烟台三叶葡萄酒,(),,这一款酒较为成熟，酒体适中，带有李子和烟熏的风味，突出的苹果香营造一个鲜美的后味。
烟台三叶雷司令干白葡萄酒,1197,"Yantai Sanye Riesling Dry White Wine, Yantai, China",白葡萄酒,烟台三叶葡萄酒,"('雷司令',)",,该款雷司令干白酒体轻盈，口感脆爽优雅，充满酸橙等水果味，适合与海鲜以及辛辣的亚洲美食搭配。
烟台三叶银伯爵高级干红葡萄酒,1169,"Yantai Sanye Silver Count Superium Dry Red Wine, Yantai, China",红葡萄酒,烟台三叶葡萄酒,(),,这一款带有黑桑椹、樱桃水果和覆盆子的香味，入口可人亲切，伴有黑巧克力和焦糖的味道，单宁厚实，搭配羊肉和牛肉再适合不过。
海市贵族白兰地,1308,"Haishi Winery Noble Brandy, Yantai, China",蒸馏酒,烟台海市葡萄酒,(),,酒体呈琥珀色，有焦糖和橡木的香气，入门级白兰地，果香浓郁，单宁丰富，口感醇和。
海市豪爵VSOP白兰地,3689,"Haishi Winery Haojue VSOP Brandy, Yantai, China",蒸馏酒,烟台海市葡萄酒,(),,酒体澄清透亮，晶莹光灿，颜色庄重而不娇艳，有浓郁果香、陈年的橡木香气，优雅浓郁，醇和甘冽，温柔醇香口感独特。
海市玛琳娜博尔红美人起泡酒,1697,"Haishi Winery Marlena Bor Red Beauty Sparkling, Yantai, China",起泡酒,烟台海市葡萄酒,(),,此酒含二氧化碳气体，果香浓郁，酒香醇厚，外观呈浅黄色，澄清透明，入口清新爽口，酸甜适中。
海市梅赛宝蓝莓味起泡酒,816,"Haishi Winery Meisaibao Blueberry Sparkling, Yantai, China",起泡酒,烟台海市葡萄酒,(),,此酒含二氧化碳气体，具有典型的香橙风味及协调的酒香，外观呈浅黄色，澄清透明，入口清新爽口，酸甜适中。
海市玛琳娜博尔金美人起泡酒,1348,"Haishi Winery Marlena Bor Blonde Beauty Sparkling, Yantai, China",起泡酒,烟台海市葡萄酒,(),,此酒含二氧化碳气体，果香浓郁，酒香醇厚，外观呈浅黄色，澄清透明，入口清新爽口，酸甜适中。
海市梅赛宝桃味起泡酒,2159,"Haishi Winery Meisaibao Peach Sparkling, Yantai, China",起泡酒,烟台海市葡萄酒,(),,此酒含二氧化碳气体，具有典型的白桃风味及协调的酒香，外观呈浅黄色，澄清透明，入口清新爽口，酸甜适中。
海市蒙特雷赤霞珠干红葡萄酒,1249,"Haishi Winery Monterrey Cabernet Sauvignon, Yantai, China",红葡萄酒,烟台海市葡萄酒,"('赤霞珠',)",,这款酒酒液呈明亮的宝石红，带有卡西斯和红醋栗的香气，单宁结构适中。
海市帕尔玛黑皮诺干红葡萄酒,1099,"Haishi Winery Parma Pinot Noir, Yantai, China",红葡萄酒,烟台海市葡萄酒,"('黑皮诺',)",,此款小黑石黑皮诺干红葡萄酒散发出黑樱桃，草莓以及红色浆果的香气，带有香草以及百里香的味道，口感有层次，单宁均衡。
海市梅赛宝橙味起泡酒,565,"Haishi Winery Meisaibao Orange Sparkling, Yantai, China",起泡酒,烟台海市葡萄酒,(),,此酒含二氧化碳气体，具有典型的香橙风味及协调的酒香，外观呈浅黄色，澄清透明，入口清新爽口，酸甜适中。
海市贵族黑美人西拉干红葡萄酒,1237,"Haishi Winery Noble Black Beauty Syrah, Yantai, China",红葡萄酒,烟台海市葡萄酒,"('西拉',)",,这款葡萄酒是采用澳大利亚原酒加工而成的干型葡萄酒，最佳饮用温度为16℃~18℃，适合搭配烤鸡肉、鸡排等食用。
海市精制赤霞珠干红葡萄酒,1170,"Haishi Winery Special Cabernet Sauvignon, Yantai, China",红葡萄酒,烟台海市葡萄酒,"('赤霞珠',)",,本品是选用优质葡萄为原料，采用先进工艺技术酿造的一种干型葡萄酒。产品果香浓郁，酒香幽雅，是理想的佐餐葡萄酒。
海市750特种白兰地,484,"Haishi Winery 750 Brandy, Yantai, China",蒸馏酒,烟台海市葡萄酒,(),,酒液呈琥珀色，外观晶亮澄澈透明，果香浓郁优雅，香气纯正，入口时优雅浓郁，各种香气协调和谐。
海市梅赛宝柠檬味起泡酒,1050,"Haishi Winery Meisaibao Lemon Sparkling, Yantai, China",起泡酒,烟台海市葡萄酒,(),,此酒含二氧化碳气体，具有典型的柠檬风味及协调的酒香，外观呈浅黄色，澄清透明，入口清新爽口，酸甜适中。
海市700特种白兰地,1007,"Haishi Winery 700 Brandy, Yantai, China",蒸馏酒,烟台海市葡萄酒,(),,这款白兰地采用法国进口白兰地加工而成，酒体金黄、清亮、澄澈，滋味醇厚，和谐优雅浓郁，香气宜人，品格独特悦人。
海市佩纳斯梅洛干红葡萄酒,853,"Haishi Winery Penarth Merlot, Yantai, China",红葡萄酒,烟台海市葡萄酒,"('梅洛',)",樱桃李子橡木,这款酒酒体饱满，散发出樱桃、成熟的李子和橡木的香气，口感如天鹅绒般柔顺。
海市贵族兰美人西拉干红葡萄酒,942,"Haishi Winery Noble Blue Beauty Syrah, Yantai, China",红葡萄酒,烟台海市葡萄酒,"('西拉',)",,这款葡萄酒是采用澳大利亚原酒加工而成的干型葡萄酒，最佳饮用温度为16℃~18℃，适合搭配牛肉、羊肉等食用。
海市玛琳娜博尔蓝美人起泡酒,703,"Haishi Winery Marlena Bor Blue Beauty Sparkling, Yantai, China",起泡酒,烟台海市葡萄酒,(),,此酒含二氧化碳气体，果香浓郁，酒香醇厚，外观呈浅黄色，澄清透明，入口清新爽口，酸甜适中。
海市瓦尔德蛇龙珠干红葡萄酒,709,"Haishi Winery Wald Cabernet Gernischt, Yantai, China",红葡萄酒,烟台海市葡萄酒,"('蛇龙珠',)",果味香料蘑菇,这款蛇龙珠干红葡萄酒与赤霞珠干红葡萄酒口感特征有些类似，以黑茶镳子、堇菜花香和破碎果香气味为主，同时具有香料、蘑菇、松脂等气味。
威亚德莎当妮干白葡萄酒,1603,"Weiyade Chardonnay White, Yantai, China",白葡萄酒,威亚德葡萄酒业,"('霞多丽',)",花香果香,这款葡萄酒选用霞多丽精心酿制而成，酒体呈现出透亮的柠檬黄色，酒香清冽，散发着浓浓的花香和果香的气息，酒体柔顺，结构平衡，是款不错的干白葡萄酒。
威亚德酒庄18年树龄干红葡萄酒,2547,"Weiyade 18-year-old Vine Red, Yantai, China",红葡萄酒,威亚德葡萄酒业,"('赤霞珠',)",花香果香,这款葡萄酒选用威亚德酒庄18年树龄所产的赤霞珠葡萄精心酿制成，酒体呈现出漂亮的宝石红色，色泽迷人。酒体浓厚，带有浓郁的果香和些微淡淡的烤橡木味道，适合搭配红肉等食物。
威亚德橡木桶窖藏大师级精品干红葡萄酒,2390,"Weiyade Master Oaked Red, Yantai, China",红葡萄酒,威亚德葡萄酒业,"('赤霞珠',)",酒香醇厚入口柔顺,这款葡萄酒选用威亚德酒庄精心种植的酿酒葡萄精心酿制而成。酒体呈现出漂亮的宝石红色，色泽迷人。酒液散发着迷人的果香还有橡木桶陈年带来的烤面包和香草的香气，酒香醇厚，入口柔顺，是款不错的干红葡萄酒。
凤凰酒庄传奇蛇龙珠干红葡萄酒,985,"Chateau Phoenix Legand Cabernet Gernischt, Penglai, China",红葡萄酒,烟台凤凰酒庄,"('蛇龙珠',)",浆果烟熏,本品精选“世界七大葡萄海岸”之一中国•蓬莱凤凰山谷的优质蛇龙珠葡萄为原料，经先进生产工艺低温发酵经橡木桶陈酿精制而成，呈宝石红色，具有浓郁的浆果、烟熏味、和谐的酒香和橡木香，入口醇厚而圆润、酒体饱满、协调，回味绵延，典型性强。
凤凰酒庄传情赤霞珠干红葡萄酒,1160,"Chateau Phoenix Passion Cabernet Sauvignon, Penglai, China",红葡萄酒,烟台凤凰酒庄,"('赤霞珠',)",,本品精选“世界七大葡萄海岸”之一中国•蓬莱凤凰山谷的优质栖霞珠葡萄为原料，经先进生产工艺低温发酵而成，该款呈宝石红色，具有浓郁的果香、和谐的酒香和橡木香，入口醇厚而圆满、酒体饱满、协调，回味绵延，风格独特。
凤凰酒庄传情蛇龙珠干红葡萄酒,1022,"Chateau Phoenix Passion Cabernet Gernischt, Penglai, China",红葡萄酒,烟台凤凰酒庄,"('蛇龙珠',)",,本品精选“世界七大葡萄海岸”之一中国•蓬莱凤凰山谷的优质蛇龙珠葡萄为原料，经先进生产工艺低温发酵经橡木桶陈酿精制而成，呈宝石红色，具有浓郁的浆果、烟熏味、和谐的酒香和橡木香，入口醇厚而圆润、酒体饱满、协调，回味绵延，典型性强。
凤凰酒庄传世蛇龙珠干红葡萄酒,1086,"Chateau Phoenix Traditinal Cabernet Gernischt, Penglai, China",红葡萄酒,烟台凤凰酒庄,"('蛇龙珠',)",浆果烟熏,本品精选“世界七大葡萄海岸”之一中国•蓬莱凤凰山谷的优质蛇龙珠葡萄为原料，经先进生产工艺低温发酵经橡木桶陈酿精制而成，呈宝石红色，具有浓郁的浆果、烟熏味、和谐的酒香和橡木香，入口醇厚而圆润、酒体饱满、协调，回味绵延，典型性强。
凤凰酒庄传奇雷司令干白葡萄酒,1362,"Chateau Phoenix Legand Riesling, Penglai, China",白葡萄酒,烟台凤凰酒庄,"('雷司令',)",,本品精选“世界七大葡萄海岸”之一中国•蓬莱凤凰山谷的优质雷司令葡萄为原料，经先进生产工艺低温发酵而成。该款酒有清新的果味，果香、酒香新鲜、浓郁，风格高雅，入口爽净怡人，具有雷司令葡萄酒典型性风格
凤凰酒庄传情雷司令干白葡萄酒,1434,"Chateau Phoenix Passion Riesling, Penglai, China",白葡萄酒,烟台凤凰酒庄,"('雷司令',)",,本品精选“世界七大葡萄海岸”之一中国•蓬莱凤凰山谷的优质雷司令葡萄为原料，经先进生产工艺低温发酵而成。该款酒有清新的果味，果香、酒香新鲜、浓郁，风格高雅，入口爽净怡人，具有雷司令葡萄酒典型性风格
凤凰酒庄传奇赤霞珠干红葡萄酒,1043,"Chateau Phoenix Legand Cabernet Sauvignon, Penglai, China",红葡萄酒,烟台凤凰酒庄,"('赤霞珠',)",果香橡木风味,本品精选“世界七大葡萄海岸”之一中国•蓬莱凤凰山谷的优质赤霞珠葡萄为原料，经先进生产工艺低温发酵而成，该款呈宝石红色，具有浓郁的果香、和谐的酒香和橡木香，入口醇厚而圆满、酒体饱满、协调，回味绵延，风格独特。
凤凰酒庄传世赤霞珠干红葡萄酒,1257,"Chateau Phoenix Traditinal Cabernet Sauvignon, Penglai, China",红葡萄酒,烟台凤凰酒庄,"('赤霞珠',)",果香橡木风味,本品精选“世界七大葡萄海岸”之一中国•蓬莱凤凰山谷的优质栖霞珠葡萄为原料，经先进生产工艺低温发酵而成，该款呈宝石红色，具有浓郁的果香、和谐的酒香和橡木香，入口醇厚而圆满、酒体饱满、协调，回味绵延，风格独特。
凤凰酒庄尚城天御蛇龙珠干红葡萄酒,1258,"Chateau Phoenix Sunch Cabernet Gernischt, Penglai, China",红葡萄酒,烟台凤凰酒庄,"('蛇龙珠',)",,本品精选“世界七大葡萄海岸”之一中国•蓬莱凤凰山谷的优质蛇龙珠葡萄为原料，经先进生产工艺低温发酵经橡木桶陈酿精制而成，呈宝石红色，具有浓郁的浆果、烟熏味、和谐的酒香和橡木香，入口醇厚而圆润、酒体饱满、协调，回味绵延，典型性强。
国宾盛唐晚收甜白葡萄酒,1196,"Chateau State Guest Sweet White, Penglai, China",白葡萄酒,国宾酒庄,"('小满胜', '玛尔维萨')",白花蜂蜜热带水果,这款葡萄酒酒体呈凝练的浅金色，带有浓稠的花香、果香、蜜香和热带水果香，入口香甜华美、柔滑、丰韵，具有甜润、高贵、典雅的特质，让人流连忘返。
国宾锦唐珍藏级高级干红葡萄酒,1188,"Chateau State Guest Jintang Grand Reserve Dry Red, Penglai, China",红葡萄酒,国宾酒庄,"('梅洛', '歌海娜', '赤霞珠')",香草红色浆果,这款葡萄酒采用80%的赤霞珠、10%的梅洛和10%的歌海娜精酿而成。葡萄酒色泽呈宝石红色，香气浓馥优雅，具有典型的红色浆果的香气，酒香和橡木香和谐完美，带有怡人的香草气息，酒体丰满，宽阔圆润，富有层次，复合而协调，均衡美妙，留香持久，回味无穷。
国宾锦唐特选级高级干红葡萄酒,1119,"Chateau State Guest Jintang Special Dry Red, Penglai, China",红葡萄酒,国宾酒庄,"('歌海娜', '赤霞珠')",黑醋栗红色浆果,这款葡萄酒采用国际酿酒名种佳美娜和赤霞珠精酿而成。葡萄酒色泽呈宝石红色，香气馥郁，具有典型的黑醋栗和红色浆果的香气，橡木香优雅，酒体完整，舒顺圆润、平衡协调，回味悠长。
国宾盛唐干白葡萄酒,1100,"Chateau State Guest Shengtang Dry White, Penglai, China",白葡萄酒,国宾酒庄,"('长相思',)",西番莲青椒醋栗番茄叶,这款葡萄酒色泽呈淡禾杆黄色，富含雅致浓郁的柑橘、葡萄柚、西番莲、青椒、醋栗、番茄叶等水果香。该酒口感圆润平衡，香气清新馥郁、清爽宜人，酸度活泼，犹如大唐盛世涌入中原酒肆的胡姬青黛画眉红锦靴，让人眼前一亮，过目不忘，容貌美艳而又有一丝冷峻，其实却包藏一颗热情奔放的心。
国宾盛唐繁花似锦干红葡萄酒,1256,"Chateau State Guest Blossoming Dry Red, Penglai, China",红葡萄酒,国宾酒庄,"('赤霞珠',)",黑醋栗红色浆果,这款葡萄酒选用赤霞珠葡萄酿制而成，犹如一颗红宝石卧于杯中，色泽沉稳而瑰丽；香气芬芳馥郁，宽阔舒展，酒香和陈酿橡木香和谐完美；口感饱满圆润，而又能感觉到蕴含其间的结构风骨；回味悠长，让人难以释怀。
国宾盛唐开元干白葡萄酒,1440,"Chateau State Guest Shengtang Kaiyuan Dry White, Penglai, China",白葡萄酒,国宾酒庄,"('霞多丽',)",桃子甜瓜奶油干果,这款葡萄酒色泽呈禾杆黄色，闻之富含浓郁的桃子、甜瓜、奶油和干果般的香气，口感丰满顺滑，水果特性和烤面包及橡木香和谐完美，恰到好处的酸度又给人活泼的感觉，如同大唐盛世的大家闺秀尊贵优雅，丰盈肥美，知书达理、喜行不言色，又平易近人。
国宾盛唐御干红葡萄酒,944,"Chateau State Guest Shengtang Yu Dry Red, Penglai, China",红葡萄酒,国宾酒庄,"('西拉',)",黑莓黑李子黑咖啡香料雪松烟草,该款葡萄酒色泽呈沉稳富丽的深浆果色，黑莓、黑李子、黑咖啡香气同橡木桶赋予的香料、雪松、烟草香交织融合，丰厚复杂。该酒酒体醇厚丰满，雄浑强劲，芳香馥郁，均衡协调，给人以无与伦比的美感享受，尽显尊贵与优雅，顶级的性格和卓越的品质彰显它是酒中极品。
国宾盛唐开元干红葡萄酒,853,"Chateau State Guest Shengtang Kaiyuan Dry Red, Penglai, China",红葡萄酒,国宾酒庄,"('赤霞珠',)",黑加仑子巧克力香草烟熏,这款葡萄酒色泽呈深宝石红色，闻之富含浓郁的黑加仑子、巧克力和陈酿橡木香口感圆润丰满，层次多样，骨架分明，好像一位自信而又有独特性格的盛唐武士。葡萄酒有旧世界和新世界之分，这款酒是新世界干红葡萄酒的代表，丰满肥厚，平易近人。
国宾锦唐优选级高级干红葡萄酒,767,"Chateau State Guest Jintang Optimal Dry Red, Penglai, China",红葡萄酒,国宾酒庄,"('西拉', '赤霞珠')",红醋栗草莓樱桃,这款葡萄酒采用国际酿酒名种赤霞珠和西拉精酿而成。葡萄酒色泽呈宝石红色，香气浓郁，具有红醋栗和红色浆果的香气，橡木香淡雅，酒体完整，柔顺平衡，果香充盈，回味悠长。
国宾盛唐干红葡萄酒,1119,"Chateau State Guest Shengtang Dry Red, Penglai, China",红葡萄酒,国宾酒庄,"('赤霞珠',)",黑醋栗雪松香草烟熏,这款葡萄酒选用赤霞珠酿制而成，犹如一颗红宝石卧于杯中，色泽沉稳而瑰丽；香气芬芳馥郁，宽阔舒展，酒香和陈酿橡木香和谐完美；口感饱满圆润，而又能感觉到蕴含其间的结构风骨；回味悠长，让人难以释怀。该酒如同大唐盛世时的国人沉稳而不呆滞，舒展而不拘谨，圆润而不圆滑，充满着自信的气度，坚持着自身的风骨。
国宾盛唐贵宾干红葡萄酒,769,"Chateau State Guest Shengtang Honoured Guest Dry Red, Penglai, China",红葡萄酒,国宾酒庄,"('赤霞珠',)",黑加仑子香草,这款葡萄酒呈亮丽的宝石红色，香气浓馥优雅，酒香和橡木香和谐完美，带有怡人的黑加仑子香气。酒体平衡，舒顺圆润，均衡美妙，回味悠长。
国宾盛唐贞观干红葡萄酒,848,"Chateau State Guest Shengtang Zhenguan Dry Red, Penglai, China",红葡萄酒,国宾酒庄,"('梅洛',)",黑莓李子黑巧克力雪茄黑胡椒,这款葡萄酒艳丽而华贵，香气芬芳和谐，复杂馥郁，层层叠叠，持久迷人，口感圆润厚实、细腻柔顺，精致优雅，余韵绕梁，无比尊贵。这款酒能让人感受到雍容大度，丰厚甘美。这款酒是旧世界干红葡萄酒的代表，蕴含着深厚的历史，代表的是高尚的文化积累，它是盛世时的名门贵胄，高贵与生俱来，不带任何修饰。
国宾盛唐贵宾干白葡萄酒,959,"Chateau State Guest Shengtang Honoured Guest Dry White, Penglai, China",白葡萄酒,国宾酒庄,"('意大利雷司令',)",梨子柠檬水果糖,这款葡萄酒色泽浅黄带绿，晶亮透明，带有浓郁的梨子、柠檬和水果糖的香气，酒香怡人，清新舒爽，酸度均衡，余韵纯净，留香持久，是一款新鲜精致的葡萄酒。
国宾锦唐干红葡萄酒,930,"Chateau State Guest Jintang Dry Red, Penglai, China",红葡萄酒,国宾酒庄,"('赤霞珠',)",红色浆果香草巧克力,这款葡萄酒采用国际酿酒名种赤霞珠精酿而成。葡萄酒色泽呈宝石红色，香气浓郁，具有红色浆果的香气，橡木香淡雅，酒体完整，柔顺平衡，果香充盈，适口易饮，回味悠长。
国宾盛唐天宝干红葡萄酒,738,"Chateau State Guest Shengtang Tianbao Dry Red, Penglai, China",红葡萄酒,国宾酒庄,"('西拉',)",黑李子巧克力香料皮革,这是一款新世界和旧世界风格兼而有之的葡萄酒。该酒色泽呈深浆果色，富含浓郁的黑李子、巧克力和香料气息，并伴有一丝皮革、辛辣风味，口感强劲丰饶，芳香馥郁，结构严谨，单宁紧实，彰显独特风格，余味持久悠长。
蓬城典藏级1996金色王朝赤霞珠干红葡萄酒,2823,"Pontcity Reserve 1996 Golden Dynasty Cabernet Sauvignon, Yantai, China",红葡萄酒,烟台润兴葡萄酒,"('赤霞珠',)",,本品以名贵酿酒葡萄赤霞珠为原料，采用先进工艺精酿，窖藏多年，口味醇厚，柔顺适中，酒体丰满，有立体感。
蓬城金色庄园珍藏级干红葡萄酒,2538,"Pontcity Golden Manor Reserve Dry Red Wine, Yantai, China",红葡萄酒,烟台润兴葡萄酒,"('赤霞珠',)",,呈现深宝石红色，具有葡萄酒典型的果香、酒香以及橡木风味，口味醇正舒顺。
蓬城卡客赤霞珠干红葡萄酒,1024,"Pontcity Cake Cabernet Sauvignon, Yantai, China",红葡萄酒,烟台润兴葡萄酒,"('赤霞珠',)",,酒色呈宝石红色，酒体丰满，口味柔顺悠长。
蓬城窖藏级1992金色王朝蛇龙珠干红葡萄酒,1563,"Pontcity Cellar Reserve 1992 Golden Dynasty Cabernet Gernischt, Yantai, China",红葡萄酒,烟台润兴葡萄酒,"('蛇龙珠',)",,本品以名贵酿酒葡萄蛇龙珠为原料，采用先进工艺精酿，窖藏多年，口味醇厚，柔顺适中，酒体丰满，有立体感。
蓬城珍藏级1998金色王朝梅洛干红葡萄酒,1999,"Pontcity Reserve 1998 Golden Dynasty Merlot, Yantai, China",红葡萄酒,烟台润兴葡萄酒,"('梅洛',)",,本品以名贵酿酒葡萄赤霞珠为原料，采用先进工艺精酿，窖藏多年，口味醇厚，柔顺适中，酒体丰满，有立体感。
蓬城雷司令干白葡萄酒,1453,"Pontcity Riesling Dry White Wine, Yantai, China",白葡萄酒,烟台润兴葡萄酒,"('雷司令',)",,该酒呈现秆黄色，口味醇厚，既保持了原有的果香，又有新鲜的橡木风味。
蓬城18年老树赤霞珠干红葡萄酒,1133,"Pontcity 18-Year Old Vine Cabernet Sauvignon, Yantai, China",红葡萄酒,烟台润兴葡萄酒,"('赤霞珠',)",,采用蓬莱海岸的优质酿酒葡萄为原料，精心酿造而成的干型葡萄酒，色泽为宝石红色，典型性突出。
蓬城卡客珍藏干红葡萄酒,1332,"Pontcity Cake Reserve Dry Red Wine, Yantai, China",红葡萄酒,烟台润兴葡萄酒,(),,酒色呈宝石红色，酒体丰满，口味柔顺悠长。
华东百利酒庄百利私藏西拉干红葡萄酒,2530,"Chateau Parry Private Reserve Shiraz Red Wine, Tsingtao, China",红葡萄酒,华东庄园,"('西拉',)",口感醇厚层次细腻,这款葡萄酒以精选欧洲名贵酿酒葡萄品种西拉为原料，由法国国宝级酿酒世家——尼古拉家族第六代传人严格遵循家族酿酒传统，浓缩百年酿酒之经验，经法国进口橡木桶陈酿二十四个月而成，保存于尊贵定制瓶中，仅供私人收藏以及限量供用欧洲顶级酒行，数量极少，品质极佳。
华东庄园特制蛇龙珠干红葡萄酒,1347,"Huadong Vineyard Cuvee Cabernet Gernischt Red Wine, Tsingtao, China",红葡萄酒,华东庄园,"('蛇龙珠',)",色泽亮丽柔滑醇厚,这款葡萄酒以精选名贵酿酒葡萄品种蛇龙珠为原料，由中外酿酒师严格按照OIV标准，采用先进的工艺技术控温发酵，并经法国进口橡木桶陈酿而成。该酒色泽亮丽，口感柔滑醇厚，果香浓郁、酒香怡人，其优良的品质倍受各界消费者的青睐，用其佐餐肉制品更具独特风味。
华东庄园优良产区赤霞珠干红葡萄酒,1152,"Huadong Vineyard Premium Cabernet Sauvignon Dry Red Wine, Qingdao, China",红葡萄酒,华东庄园,"('赤霞珠',)",独特高雅品质卓越,这款葡萄酒精选欧洲名贵酿酒葡萄品种赤霞珠为原料，由中外酿酒师采用先进的工艺技术控温发酵并用橡木桶藏酿而成，创造了华东庄园高级赤霞珠干红葡萄酒独特高雅的品位，品质卓越，尽显尊荣，实乃名酒中的珍藏版。
华东窖藏五年佳美干红葡萄酒,2474,"Huadong Vineyard Five Year Cellar Reserve Gamay Red Wine, Tsingtao, China",红葡萄酒,华东庄园,"('佳美',)",口感鲜美果香浓郁,这款葡萄酒精选青岛华东葡萄酒酒庄的法国名贵酿酒葡萄品种佳美为原料，严格按照国际OIV酿酒标准，经中外酿酒师精心酿制而成。本酒呈亮丽的宝石红色，酒体适中，口感鲜美，果香浓郁，具有似樱桃、红枣的香气和风味。
青岛高级干红葡萄酒,2412,"Tsingtao Premium Red Wine, China",红葡萄酒,华东庄园,(),馨香优雅口感醇和,这款葡萄酒以精选中国青岛最佳葡萄产区优质红葡萄品种为原料，采用国际先进的生产工艺和设备，集百年酿酒技术之精华，严格按照国际OIV标准，精心酿制而成。本酒呈亮丽的宝石红色，馨香优雅，口味醇和，佐餐牛排、烤肉等效果极佳。
华东百利酒庄百利至尊七年霞多丽干白葡萄酒,1162,"Chateau Parry Cuvee Prestige Seven Year Old Chardonnay White Wine, Tsingtao, China",白葡萄酒,华东庄园,"('霞多丽',)",果香浓郁酒体丰满回味悠长,这款葡萄酒精选法国名贵酿酒葡萄品种霞多丽，采用国际先进酿造工艺兼以橡木桶陈酿18个月，限量酿制而成。该酒酒色金黄，果香浓郁，酒体丰满，回味悠长，实为名酒中的至尊版。
华东酒庄精酿蛇龙珠干红葡萄酒,1391,"Huadong Vineyard Cuvee Cabernet Gernischt Dry Red Wine, Tsingtao, China",红葡萄酒,华东庄园,"('蛇龙珠',)",口感顺滑结构平衡,这款葡萄酒精选名贵酿酒葡萄品种蛇龙珠为原料，由中外酿酒师采用先进的工艺技术控温发酵酿制而成的干型葡萄酒。本酒果香浓郁、酒香怡人，其优良的品质倍受各界消费者青睐，用其佐餐肉制品更具独特风味。
华东酒庄精酿霞多丽干白葡萄酒,936,"Huadong Vineyard Cuvee Chardonnay Dry White Wine, Tsingtao, China",白葡萄酒,华东庄园,"('霞多丽',)",口感柔顺结构平衡,这款葡萄酒精选欧洲名贵酿酒葡萄品种霞多丽为原料，由中外酿酒师采用先进的工艺技术控温发酵并用橡木桶藏酿而成。创造了华东酒庄高级霞多丽干白葡萄酒独特高雅的品位，品质卓越，尽显尊荣。实乃名酒中的珍藏版。
青岛橡木桶霞多丽干白葡萄酒,538,"Tsingtao Oaked Chardonnay White Wine, Tsingtao, China",白葡萄酒,华东庄园,"('霞多丽',)",酒体丰满口感均衡,这款葡萄酒属复杂型干白葡萄酒，装瓶前在百年酒窖中经橡木桶陈酿，果香浓郁，呈深禾秆黄色，有成熟桃子等热带水果的香气，酒体丰满，口感均衡。佐餐海鲜、河鲜或浅色肉等，美酒佳肴相得益彰。
华东庄园至尊霞多丽干白葡萄酒,1431,"Huadong Vineyard Cuvee Prestige Chardonnay Red Wine, Tsingtao, China",白葡萄酒,华东庄园,"('霞多丽',)",酒体丰满回味悠长,这款葡萄酒精选法国名贵酿酒葡萄品种霞多丽，采用国际先进酿造工艺兼以橡木桶陈酿，限量酿制而成。酒色金黄，果香浓郁，酒体丰满，回味悠长，实为名酒中的至尊版。
华东庄园窖藏七年赤霞珠干红葡萄酒,791,"Huadong Vineyard Seven Year Cellar Reserve Cabernet Sauvignon Red Wine, Tsingtao, China",红葡萄酒,华东庄园,"('赤霞珠',)",酒体丰满架构均衡,这款葡萄酒采用先进的工艺技术控温发酵精心酿制而成，装瓶前经法国橡木桶陈酿十八个月以上，并保存于特别定制的雾瓶中，酒体呈亮丽的宝石红色，酒香醇和、馥郁，酒体丰满，架构均衡，实为中国干红葡萄酒之珍品，是野味、煎牛排等红肉的绝佳配餐酒。
华东百利酒庄3L窖藏赤霞珠干红葡萄酒,439,"Chateau Parry 3L Reserve Cabernet Sauvignon Red Wine, Tsingtao, China",红葡萄酒,华东庄园,"('赤霞珠',)",酒体丰满架构均衡,这款葡萄酒严格按照OIV标准，精心酿制而成。装瓶前，在华东·百利酒庄大酒窖的法国橡木桶中藏酿18个月以上，使酒香更加醇和，果香与橡木香气和谐融于一体，酒体丰满，架构均衡，有巧克力、甘草、薄荷的味道，充分体现窖藏对酒体的润饰，是野味、煎牛排等肉类及红肉的绝佳搭配，实为中国干红葡萄酒之珍品。
华东佳美干红葡萄酒,752,"Huadong Vineyard Gamay Red Wine, Tsingtao, China",红葡萄酒,华东庄园,(),入口干爽果香浓郁,这款葡萄酒是以引进法国名种佳美葡萄为原料，严格按照国际OIV酿酒标准，经中外酿酒师精心酿制而成。本酒呈鲜亮的宝石红色，具有似樱桃、红枣的果香气，入口干爽，果香浓郁，在欧洲高规格而庄重的宴会上是贵族绅士们不可缺少的高雅饮品。
华东庄园精品高级干红葡萄酒,790,"Huadong Vineyard Finest Reserve Red Wine, Tsingtao, China",红葡萄酒,华东庄园,(),酒香怡人口感纯正,这款葡萄酒由中外酿酒师采用国际先进的生产工艺和设备，精心酿制而成。该酒呈亮丽的宝石红色，果香浓郁，酒香怡人，口感纯正、顺滑，是亲朋好友聚会的上佳饮品。
华东百利酒庄百利至尊七年赤霞珠干红葡萄酒,931,"Chateau Parry Cuvee Prestige Seven Year Old Cabernet Sauvignon Red Wine, Tsingtao, China",红葡萄酒,华东庄园,"('赤霞珠',)",香气浓郁和谐酒体复杂而平衡,这款葡萄酒精选法国名贵酿酒葡萄品种赤霞珠，采用国际先进酿造工艺兼以橡木桶陈酿，限量酿制而成。该酒呈亮丽的宝石红色，香气浓郁和谐，酒体复杂而平衡，回味绵绵悠长，实为名酒中的至尊版。
华东庄园优良产区高级干白葡萄酒,2186,"Huadong Vineyard Premium Dry White Wine, Tsingtao, China",白葡萄酒,华东庄园,(),舒顺爽口酒体丰满,这款葡萄酒精选欧洲名贵葡萄品种为原料，由中外酿酒师采用国际先进的生产工艺和设备，精心酿制而成。本酒色泽微黄带绿，澄清透明，果香浓郁，酒香怡雅，纯正细腻，酒味舒顺爽口，酒体丰满，是亲朋好友聚会的上佳饮品。
华东百利酒庄百利珍藏赤霞珠干红葡萄酒,764,"Chateau Parry Private Reserve Cabernet Sauvignon Red Wine, Tsingtao, China",红葡萄酒,华东庄园,"('赤霞珠',)",馥郁细致醇厚顺滑,这款酒呈亮丽的深宝石红色，果香优雅怡人，酒质馥郁而细致，入口醇厚而顺滑，品后如丝绒般柔和，口感平衡而圆润。柔中带劲，深度极佳，是值得珍藏之佳酿，搭配野味、煎牛排等肉类及红肉则美妙绝伦。
华东酒庄五年藏酿蛇龙珠干红葡萄酒,867,"Huadong Vineyard Cellar Reserve Cabernet Gernischt Dry Red Wine, Tsingtao, China",红葡萄酒,华东庄园,"('蛇龙珠',)",品质优良色泽亮丽,这款葡萄酒采用先进的工艺技术控温发酵，并经法国进口橡木桶陈酿而成。该酒色泽亮丽，口感柔滑醇厚，果香浓郁、酒香怡人，其优良的品质倍受各界消费者青睐，用其佐餐肉制品更具独特风味。
华东庄园橡木桶窖藏赤霞珠干红葡萄酒,1705,"Huadong Vineyard Cellar Reserve Oaked Cabernet Sauvignon Red Wine, Tsingtao, China",红葡萄酒,华东庄园,"('赤霞珠',)",酒香馥郁，架构均衡,这款葡萄酒装瓶前在法国橡木桶中藏酿18个月以上，使酒香更加醇和，果香与橡木香气和谐融于一体，酒香馥郁，架构均衡，充分体现藏酿对酒体的润饰，是野味、煎牛排等肉类及红肉的绝佳搭配，实为中国干红葡萄酒之珍品。
华东庄园窖藏七年莎当妮干白葡萄酒,625,"Huadong Vineyard Seven Year Cellar Reserve Chardonnay White Wine, Tsingtao, China",白葡萄酒,华东庄园,(),果香浓郁，入口圆滑甘醇,这款葡萄酒在装瓶前经法国橡木桶陈酿十八个月以上，并保存于特别定制的雾瓶中，酒体明亮清澈，呈深禾秆黄色，果香浓郁，入口圆滑甘醇，有丝绸般纤柔感，回味悠长，实为中国干白葡萄酒之珍品，用其佐餐海鲜更具独特风味。
华东庄园优良产区雷司令干白葡萄酒,1111,"Huadong Vineyard Premium Riesling Dry White Wine, Tsingtao, China",白葡萄酒,华东庄园,"('雷司令',)",澄澈清透、酒香怡人,这款葡萄酒精选欧洲名贵葡萄品种雷司令为原料，由中外酿酒师采用国际先进的工艺技术低温发酵酿制而成。本酒澄澈清透、酒香怡人，其优良的品质倍受各界消费者青睐，用其佐餐海鲜更具独特风味。
华东特级窖藏蛇龙珠干红葡萄酒,1145,"Huadong Vineyard Premium Cellar Reserve Cabernet Gernischt Red Wine, Tsingtao, China",红葡萄酒,华东庄园,"('蛇龙珠',)",柔滑醇厚果香浓郁,这款葡萄酒精选名贵酿酒葡萄品种蛇龙珠为原料，由中外酿酒师严格按照国际OIV标准，采用先进的工艺技术控温发酵，并经法国进口橡木桶陈酿而成。该酒色泽亮丽，口感柔滑醇厚，果香浓郁、酒香宜人，其优良的品质倍受各界消费者的青睐，用其佐餐肉制品更具独特风味。
青岛橡木桶赤霞珠干红葡萄酒,589,"Tsingtao Oaked Cabernet Sauvignon Wine, Tsingtao, China",红葡萄酒,华东庄园,"('赤霞珠',)",和谐细腻层次丰富,这款葡萄在酒装瓶前在百年酒窖中经橡木桶蕴藏，使酒香更加醇和，呈亮丽的宝石红色，深蕴而香味稳重，果香优雅，酒体丰满均衡，入口和谐细腻，层次丰富，有黑加仑果香，是牛排、野味烤肉等红肉的最佳配餐酒。
华东百利酒庄百利至尊莎当妮干白葡萄酒,1170,"Chateau Parry Cuvee Prestige Chardonnay White Wine, Tsingtao, China",白葡萄酒,华东庄园,"('霞多丽',)",果香浓郁酒体丰满,这款葡萄酒选法国名贵酿酒葡萄品种霞多丽为原料，倾注全部心血，采用国际先进酿造工艺兼以橡木桶陈酿18个月，限量酿制而成。本酒酒色金黄，果香浓郁，酒体丰满，回味悠长，实为名酒中的至尊版。
华东酒庄精酿雷司令干白葡萄酒,1225,"Huadong Vineyard Cuvee Riesling Dry White Wine, Tsingtao, China",白葡萄酒,华东庄园,"('雷司令',)",澄澈晶透酒香怡人,这款葡萄酒精选欧洲名贵酿酒葡萄品种薏丝琳(Riesling)为原料，由中外酿酒师采用先进的工艺技术控温发酵酿制而成的干型葡萄酒。本酒澄澈晶透、酒香怡人，其优良的品质倍受各界消费者青睐，用其佐餐海鲜更具独特风味。
华东百利酒庄百利珍藏霞多丽干白葡萄酒,545,"Chateau Parry Private Reserve Chardonnay White Wine, Tsingtao, China",白葡萄酒,华东庄园,"('霞多丽',)",凝重优雅澄澈晶透,这款酒凝重优雅，雍容华贵。观其色，淡青鹅黄，澄澈晶透；闻其香，如成熟的果实，沁人心脾；品其味则有似奶油般和谐绵长的感觉，是中国干白葡萄酒的典型代表。佐餐龙虾、生蚝、螃蟹等上乘海鲜，美妙绝伦。
华东庄园优良产区高级干红葡萄酒,610,"Huadong Vineyard Premium Dry Red Wine, Tsingtao, China",红葡萄酒,华东庄园,(),果香浓郁酒香怡人,这款葡萄酒精选欧洲名贵葡萄品种为原料，由中外酿酒师采用国际先进的生产工艺和设备，精心酿制而成。本酒呈宝石红色，果香浓郁，酒香怡人，口感纯正、顺滑，是亲朋好友聚会的上佳饮品。
华东庄园至尊赤霞珠干红葡萄酒,729,"Huadong Vineyard Cuvee Prestige Cabernet Sauvignon Red Wine, Tsingtao, China",红葡萄酒,华东庄园,"('赤霞珠',)",浓郁和谐绵绵悠长,华东庄园至尊赤霞珠干红葡萄酒为纪念创始人百利先生，由澳大利亚资深酿酒师MalcolmRay精选法国名贵葡萄品种赤霞珠，采用国际先进酿造工艺兼以橡木桶陈酿，限量酿制而成。本酒呈亮丽的宝石红色，香气浓郁和谐，酒体复杂而平衡，回味绵绵悠长，实为名酒中的至尊版。
华东酒庄精酿赤霞珠干红葡萄酒,719,"Huadong Vineyard Cuvee Cabernet Sauvignon Dry Red Wine,Tsingtao, China",红葡萄酒,华东庄园,"('赤霞珠',)",口感柔顺结构平衡,这款葡萄酒精选欧洲名贵酿酒葡萄品种赤霞珠为原料，由中外酿酒师采用先进的工艺技术控温发酵并用橡木桶藏酿而成。创造了华东酒庄高级赤霞珠干红葡萄酒独特高雅的品位，品质卓越，尽显尊荣。实乃名酒中的珍藏版。
华东庄园特制赤霞珠干红葡萄酒,725,"Huadong Vineyard Cuvee Cabernet Sauvignon Wine, Tsingtao, China",红葡萄酒,华东庄园,(),品质卓越尽显尊荣,这款葡萄酒以精选世界名贵酿酒葡萄品种赤霞珠为原料，由中外酿酒师采用先进的工艺技术控温发酵并用橡木桶藏酿而成。创造了华东庄园高级赤霞珠干红葡萄酒独特高雅的品位，品质卓越，尽显尊荣。实乃名酒中的珍藏版。
华东庄园五年藏酿蛇龙珠干红葡萄酒,849,"Huadong Vineyard Five Year Reserve Cabernet Gernischt Red Wine, Tsingtao, China",红葡萄酒,华东庄园,"('蛇龙珠',)",柔滑醇厚果香浓郁,这款葡萄酒酒色泽亮丽，口感柔滑醇厚，果香浓郁、酒香怡人，其优良的品质倍受各界消费者的青睐，用其佐餐肉制品更具独特风味。
华东庄园优良产区霞多丽干白葡萄酒,852,"Huadong Vineyard Premium Chardonnay White Wine, Tsingtao, China",白葡萄酒,华东庄园,"('霞多丽',)",品质卓越独特高雅,这款葡萄酒精选欧洲名贵酿酒葡萄品种霞多丽为原料，由中外酿酒师采用国际先进的工艺技术控温发酵酿制而成，创造了华东庄园高级莎当妮干白葡萄酒独特高雅的品位，品质卓越，尽显尊荣，实乃名酒中的珍藏版。
华东百利酒庄百利珍藏赤霞珠梅洛干红葡萄酒,812,"Chateau Parry Reserva Cabernet Sauvignon - Merlot，Tsingtao, China",红葡萄酒,华东庄园,"('梅洛', '赤霞珠')",平衡圆润柔中带劲,这款葡萄酒完美地融合了赤霞珠独特的浆果香气与梅洛饱满柔和的酒体。该酒呈亮丽的深宝石红色，蕴涵和谐优雅的果香和橡木香气，酒质馥郁而细致，入口醇厚而顺滑，单宁如丝绒般柔和，口感平衡圆润。柔中带劲，深度极佳，是值得珍藏之佳酿，搭配野味、煎牛排等肉类及红肉则美妙绝伦。
华东窖藏五年赤霞珠干红葡萄酒,763,"Huadong Vineyard Five Year Reserve Cabernet Sauvignon Red Wine, Tsingtao, China",红葡萄酒,华东庄园,"('赤霞珠',)",酒体丰满，架构均衡,这款葡萄酒由中外酿酒师采用先进的工艺技术控温发酵精心酿制而成，装瓶前经过法国橡木桶藏酿。该酒酒香醇和、馥郁，酒体丰满，架构均衡，颇具陈藏潜质，是野味、煎牛排等红肉的绝佳配餐酒。
华东窖藏霞多丽干白葡萄酒,988,"Huadong Vineyard Cellar Reserve Chardonnay White Wine, Tsingtao, China",白葡萄酒,华东庄园,"('霞多丽',)",圆润甘醇回味悠长,这款葡萄酒由低温发酵酿制而成，装瓶前在法国橡木桶中陈酿18个月以上。酒体明亮清澈，呈深禾秆黄色，果香浓郁，入口圆润甘醇，有丝绸般的纤柔感，回味悠长，实为中国干白葡萄酒之珍品。
青岛酒窖经典霞多丽干白葡萄酒,693,"Tsingtao cellar Reserve Chardonnay Classic White Wine, China",白葡萄酒,华东庄园,"('霞多丽',)",饱满圆润复合优雅,这款葡萄酒由资深酿酒师精心酿制而成，并经过橡木桶陈酿，果香、酒香、橡木香达到高度和谐与平衡，酒体饱满圆润，口味复合而优雅，口感顺畅而圆润，沁人心脾，充分体现了葡萄品种及产区的地域特点，堪称佐餐葡萄酒中的经典。本酒佐餐龙虾、生蚝、螃蟹等上乘海鲜、河鲜或浅色肉等，美酒佳肴相得益彰。
华东薏丝琳干白葡萄酒,1629,"Huadong Vineyard Riesling, Tsingtao, China",白葡萄酒,华东庄园,(),澄澈晶透酒香宜人,这款葡萄酒采用青岛华东葡萄酒酒庄生长的优质薏丝琳葡萄为原料，由中外酿酒师采用先进的工艺技术低温发酵配制而成的干型葡萄酒。本酒澄澈晶透、酒香宜人，其优良的品质倍受各界消费者的青睐，用其佐餐海鲜更具独特风味。
华东庄园特制霞多丽干白葡萄酒,524,"Huadong Vineyard Cuvee Chardonnay White Wine, Tsingtao, China",白葡萄酒,华东庄园,(),高雅品位品质卓越,这款葡萄酒以精选世界名贵酿酒葡萄品种霞多丽为原料，由中外酿酒师采用先进的工艺技术控温发酵并用橡木桶藏酿而成。创造了华东庄园高级霞多丽干白葡萄酒独特高雅的品位，品质卓越，尽显尊荣。实乃名酒中的珍藏版。
华东庄园特制高级干白葡萄酒,967,"Huadong Vineyard Cuvee Prestige White Wine, Tsingtao, China",白葡萄酒,华东庄园,(),澄澈清透酒香怡人,这款葡萄酒以精选欧洲名贵白葡萄品种为原料，由中外酿酒师采用国际先进的工艺技术低温发酵酿制而成。本酒澄澈清透，酒香怡人，其优良的品质倍受各界消费者青睐，用其佐餐海鲜更具独特风味。
华东庄园特制高级干红葡萄酒,610,"Huadong Vineyard Cuvee Prestige Red Wine, Tsingtao, China",红葡萄酒,华东庄园,(),纯正顺滑清香怡人,这款葡萄酒以精选欧洲名贵红葡萄品种为原料，由中外酿酒师采用国际先进的生产工艺和设备，精心酿制而成。本酒呈宝石红色，果香浓郁，清香怡人，口感纯正、顺滑，是亲朋好友聚会的上佳饮品。
华东干白葡萄酒,412,"Huadong Vineyard White Wine, Tsingtao, China",白葡萄酒,华东庄园,(),舒顺爽口酒体丰满,这款葡萄酒精选法国名贵白葡萄品种为原料，由中外酿酒师采用国际先进的生产工艺和设备，精心酿制而成。本酒色泽微黄带绿，澄清透明，果香浓郁，酒香怡雅，纯正细腻，酒味舒顺爽口，酒体丰满，是亲朋好友聚会的上佳饮品。
青岛高级干白葡萄酒,1110,"Tsingtao Premium White Wine, China",白葡萄酒,华东庄园,(),优雅怡人圆润细腻,这款葡萄酒以精选中国青岛最佳葡萄产区优质白葡萄品种为原料，采用国际先进的生产工艺和设备，集百年酿酒技术之精华，严格按照国际OIV标准，精心酿制而成。本酒色泽禾黄柔美，澄清透明，香气优雅怡人，口感圆润细腻，清心爽口。单独饮用可开胃助兴，佐餐海鲜、河鲜及浅色肉等更是美妙绝伦。
华东百利酒庄百利至尊赤霞珠干红葡萄酒,1468,"Chateau Parry Cuvee Prestige Cabernet Sauvignon Red Wine, Tsingtao, China",红葡萄酒,华东庄园,"('赤霞珠',)",复杂而平衡，回味绵绵悠长,这款葡萄酒精选法国名贵葡萄品种赤霞珠，倾注全部心血，采用国际先进酿造工艺兼以橡木桶陈酿，限量酿制而成。本酒呈亮丽的宝石红色，香气浓郁和谐，酒体复杂而平衡，回味绵绵悠长，实为名酒中的至尊版。
华东1.25L橡木桶窖藏赤霞珠干红葡萄酒,621,"Huadong Vineyard1.25L Cellar Reserve Oaked Cabernet Sauvignon, Tsingtao, China",红葡萄酒,华东庄园,"('赤霞珠',)",香味稳重酒香馥郁,这款葡萄酒以精选名贵酿酒葡萄品种赤霞珠为原料，呈亮丽优雅的深宝石红色，深蕴而香味稳重，留香长，单宁味柔滑，酒香馥郁，是野味、煎牛排等肉类及红肉的绝佳搭配，实为葡萄酒中之珍品。
华东金色高级干红葡萄酒,413,"Huadong Vineyard Gold Premium Red Wine, Tsingtao, China",红葡萄酒,华东庄园,(),果香浓郁酒香怡人,这款葡萄酒以精选法国名贵红葡萄品种为原料，由中外酿酒师采用国际先进的生产工艺和设备，精心酿制而成。本酒呈宝石红色，果香浓郁，酒香怡人，口感纯正，顺滑，是亲朋好友聚会的上佳饮品。
华东酒庄精酿高级干红葡萄酒,541,"Huadong Vineyard Cuvee Superior Dry Red Wine, Tsingtao, China",红葡萄酒,华东庄园,(),酒香怡人口感纯正,这款葡萄酒精选法国名贵红葡萄品种为原料，由中外酿酒师采用国际先进的生产工艺和设备，精心酿制而成。本酒呈宝石红色，果香浓郁，酒香怡人，口感纯正、顺滑，是亲朋好友聚会的上佳饮品。
青岛窖藏赤霞珠干红葡萄酒,860,"Tsingtao cellar Reserve Cabernet Sauvignon White Wine, China",红葡萄酒,华东庄园,"('赤霞珠',)",圆润柔和回味悠长,这款葡萄酒以精选中国青岛最佳葡萄产区的赤霞珠为原料，采用国际先进的生产工艺和设备，集百年酿酒技术之精华，严格按照国际OIV标准，精心酿制而成。这款酒在地下大酒窖中经橡木桶润饰，色泽呈亮丽的宝石红色，口感圆润柔和，回味悠长。佐餐牛排、烤肉或菜蔬效果极佳。
华东窖藏赤霞珠干红葡萄酒,511,"Huadong Winery Cellar Reserve Cabernet Sauvignon Red Wine, Tsingtao, China",红葡萄酒,华东庄园,"('赤霞珠',)",酒香馥郁，架构均衡,这款葡萄酒精选青岛大泽山基地生长的欧洲名贵酿酒葡萄品种赤霞珠为原料，装瓶前在法国橡木桶中藏酿18个月以上，使酒香更加醇和，果香与橡木香气和谐融为一体，酒香馥郁，架构均衡，充分体现藏酿对酒体的润饰，是野味、煎牛排等肉类及红肉的绝佳搭配，实为中国干红葡萄酒之珍品。
华东金色霞多丽干白葡萄酒,840,"Huadong Vineyard Gold Chardonnay White Wine, Tsingtao, China",白葡萄酒,华东庄园,"('霞多丽',)",高雅品位品质卓越,这款葡萄酒采用青岛华东葡萄酒酒庄的优质霞多丽葡萄，由中外酿酒师采用先进的工艺技术控温发酵并用橡木桶藏酿而成。创造了华东高级霞多丽干白葡萄酒独特高雅的品位，品质卓越，尽显尊荣，实乃名酒中的珍藏版。
华东窖藏五年雷司令干白葡萄酒,1052,"Huadong Vineyard Five Year Cellar Reserve Riesling White Wine, Tsingtao, China",白葡萄酒,华东庄园,"('雷司令',)",清澈晶透酒香怡人,这款葡萄酒以优质雷司令葡萄为原料，由中外酿酒师采用先进的工艺技术低温发酵酿制而成的干型葡萄酒。该酒清澈晶透、酒香怡人，其优良的品质倍受各界消费者的青睐，用其佐餐海鲜更具独特风味。
华东干红葡萄酒,656,"Huadong Vineyard Red Wine, Tsingtao, China",红葡萄酒,华东庄园,(),酒香怡人口感纯正,这款葡萄酒精选法国名贵红葡萄品种为原料，由中外酿酒师采用国际先进的生产工艺和设备，精心酿制而成。酒体呈宝石红色，果香浓郁，酒香怡人，口感纯正、顺滑，是亲朋好友聚会的上佳饮品。
华东庄园橡木桶窖藏霞多丽干白葡萄酒,766,"Huadong Vineyard Cellar Reserve Oaked Chardonnay White Wine, Tsingtao, China",白葡萄酒,华东庄园,(),圆滑甘醇回味悠长,这款葡萄酒在低温中发酵酿制而成。该酒装瓶前在法国橡木桶中藏酿18个月以上。因该年份风调雨顺，挂果时间长，成熟度高，赋予了该年份酒的极佳品质。该酒酒体明亮清澈，呈深禾秆黄色，果香浓郁，入口圆滑甘醇，有丝绸般纤柔感，回味悠长，实为中国干白葡萄酒之珍品。
华东酒庄精酿高级干白葡萄酒,537,"Huadong Vineyard Cuvee Superior Dry White Wine, Tsingtao, China",白葡萄酒,华东庄园,(),澄澈清透酒香怡人,这款葡萄酒精选法国名贵白葡萄品种为原料，由中外酿酒师采用国际先进的工艺技术低温发酵酿制而成。本酒澄澈清透，酒香怡人，其优良的品质倍受各界消费者青睐，用其佐餐海鲜更具独特风味。
华东金色佳美干红葡萄酒,522,"Huadong Vineyard Gold Gamay Red Wine, Tsingtao, China",红葡萄酒,华东庄园,(),入口干爽果香浓郁,这款葡萄酒以引进法国名种佳美葡萄为原料，严格按照国际OIV标准，经中外酿酒师精心酿制而成。本酒呈鲜亮的宝石红色，具有似樱桃、红枣的果香气，入口干爽，果香浓郁，在欧洲高规格而庄重的宴会上是贵族绅士们不可缺少的高雅饮品。
华东金色赤霞珠干红葡萄酒,705,"Huadong Vineyard Gold Cabernet Sauvignon Red Wine, Tsingtao, China",红葡萄酒,华东庄园,(),入口干爽果香浓郁,这款葡萄酒的酿造严格按照国际OIV酿酒标准，由中外酿酒师精心酿制而成。本酒呈鲜亮的宝石红色，具有似樱桃、红枣的果香气，入口干爽，果香浓郁，在欧洲高规格而庄重的宴会上是贵族绅士们不可缺少的高雅饮品。
爱迪尔奥帆牛蒡薏丝琳葡萄酒,1318,"Chateau Ideal Sail Burdock Riesling, Qingdao, China",白葡萄酒,爱迪尔葡萄酒业,"('雷司令',)",菠萝柠檬西柚,这款葡萄酒呈明亮丽的浅柠檬色，果香浓郁，入口清爽，余味中等，适宜与各类海鲜以及奶酪搭配。
爱迪尔美乐干红葡萄酒,1852,"Chateau Ideal Merlot, Qingdao, China",红葡萄酒,爱迪尔葡萄酒业,"('梅洛',)",,这款葡萄酒呈紫红色，香气淡雅，具有樱桃和李子等果香，酸度较低，单宁适中，适宜搭配牛羊排等食物。
爱迪尔提普赤霞珠干红葡萄酒,1001,"Chateau Ideal Tip Top Cabernet Sauvignon, Qingdao, China",红葡萄酒,爱迪尔葡萄酒业,"('赤霞珠',)",黑加仑黑樱桃青椒薄荷,这款葡萄酒呈深紫红色，闻之富含浓郁的黑色水果香气，如黑加仑和黑樱桃等，还伴有青椒和薄荷的气味，酒体优雅。
爱迪尔雷纳干白葡萄酒,1662,"Chateau Ideal Reina, Qingdao, China",白葡萄酒,爱迪尔葡萄酒业,"('慕合怀特',)",优雅迷人口感清爽,该酒呈淡淡的柠檬色，香气优雅迷人，口感清爽，回味中等，适宜搭配海鲜或偏辣的食物。
爱迪尔雷司令干白葡萄酒,1428,"Chateau Ideal Riesling, Qingdao, China",白葡萄酒,爱迪尔葡萄酒业,"('雷司令',)",菠萝西柚白桃,这款葡萄酒呈浅柠檬色，晶莹明亮，酒中带有明显的菠萝、西柚和白桃等水果香气，酸度适宜，口感清爽，回味适中。
爱迪尔解百纳干红葡萄酒,1353,"Chateau Ideal Cabernet, Qingdao, China",红葡萄酒,爱迪尔葡萄酒业,"('卡本内',)",樱桃李子青草,这款葡萄酒呈宝石红色，浓郁的果香中带有淡淡的青草香，口感饱满，层次分明，适宜与牛羊排、烤肉等菜肴搭配。
爱迪尔赤霞珠干红葡萄酒,1002,"Chateau Ideal Cabernet Sauvignon, Qingdao, China",红葡萄酒,爱迪尔葡萄酒业,"('赤霞珠',)",黑醋栗黑樱桃青椒,这款葡萄酒呈宝石红色，澄清透明，具有明显的黑醋栗和黑樱桃等水果香气，还伴有青椒等植物气味，口感醇厚，回味宜人。
爱迪尔奥帆高级牛蒡薏丝琳葡萄酒,676,"Chateau Ideal Sail Senior Burdock Riesling, Qingdao, China",白葡萄酒,爱迪尔葡萄酒业,"('雷司令',)",菠萝西柚桃子,这款葡萄酒呈深柠檬黄，闻之富含浓郁香甜的水果香气，如菠萝、西柚和桃子等，酸度适中，入口清爽，余味较长。
爱迪尔霞多丽干白葡萄酒,1335,"Chateau Ideal Chardonnay, Qingdao, China",白葡萄酒,爱迪尔葡萄酒业,"('霞多丽',)",柑橘柠檬核果,这款葡萄酒呈禾杆黄色，晶莹明亮，酒中富含柑橘、柠檬与核果的香气，酸度清爽，酒体饱满。
爱迪尔橡木桶陈酿干红葡萄酒,1192,"Chateau Ideal Oak Barrel Aged Dry Red, Qingdao, China",红葡萄酒,爱迪尔葡萄酒业,(),动物皮革咖啡烘烤烟熏,这款葡萄酒呈深宝石红，闻之具有淡淡的果香，以及在陈年过程中所发展的动物味和皮革气味，橡木桶赋予的咖啡、烘烤和烟熏气味也在其中，香气复杂紧凑，酒体饱满。
爱迪尔珍藏版解百纳干红葡萄酒,718,"Chateau Ideal Reserve Cabernet, Qingdao, China",红葡萄酒,爱迪尔葡萄酒业,"('卡本内',)",醋栗樱桃李子香料,这款葡萄酒呈深宝石红色，果香浓郁，酒香优雅，入口圆润，口感醇厚，在食用煎、炸、烤肉类时，佐以此酒较为适宜。
皇家路易1997赤霞珠干红葡萄酒,1685,"Chateau Royalty Louis 1997 Cabernet Sauvignon, Yantai, China",红葡萄酒,皇家路易酒业,"('赤霞珠',)",醇厚浓香,这款葡萄酒选用皇家路易酒庄种植的优质赤霞珠精心酿制而成。酒液呈现出漂亮的宝石红色，散发着浓郁的果香和淡淡的香料气息。酒体饱满醇厚，适合搭配红肉等肉质比较粗的食物。
皇家路易法西曼2006干红葡萄酒,1681,"Chateau Fasiman 2006 Dry Red, Yantai, China",红葡萄酒,皇家路易酒业,"('赤霞珠',)",清新迷人,这款葡萄酒选用法西曼酒庄种植的优质红葡萄精心酿制而成，酒液呈现出漂亮的宝石红色，色泽光亮。酒体中等，酸度适中，单宁柔顺，是款不错的干红葡萄酒。
皇家路易1998品丽珠干红葡萄酒,2068,"Chateau Royalty Louis 1998 Cabernet Franc, Yantai, China",红葡萄酒,皇家路易酒业,"('品丽珠',)",层次性香气浓郁,这款葡萄酒选用皇家路易酒庄种植的优质品丽珠精心酿制而成樱桃、酒酒液呈现出漂亮的宝石红色，清澈透亮有光泽，散发着黑醋栗和覆盆子的香气，带有些微烟熏的味道，香气富有层次感，是款不错的干红葡萄酒。
皇家路易蛇龙珠干红葡萄酒,1403,"Chateau Royalty Louis Cabernet Gernischt Dry Red, Yantai, China",红葡萄酒,皇家路易酒业,"('赤霞珠', '蛇龙珠')",,这款葡萄选用皇家路易酒庄所种植的优质赤霞珠和蛇龙珠精心酿制而成，酒体呈现出漂亮的宝石红色，色泽迷人，散发着迷人的果香和花香，适合搭配红肉等肉质较强的食物，是款不错的干红葡萄酒。
皇家路易法西曼2009干红葡萄酒,1931,"Chateau Fasiman 2009 Red , Yantai, China",红葡萄酒,皇家路易酒业,"('赤霞珠',)",浓郁果香,这款葡萄酒选用法西曼酒庄种植的优质赤霞珠精心酿制而成。酒液呈现出漂亮的宝石红色，散发着浓郁的果香和淡淡的香料气息。酒体适中，酸度中等，适合与肉质食物搭配，是款不错的佐餐干红葡萄酒。
皇家路易1988霞多丽干白葡萄酒,966,"Chateau Royalty Louis 1988 Chardonnay White , Yantai, China",白葡萄酒,皇家路易酒业,"('霞多丽',)",花香果香,这是一款选用皇家路易酒庄所种植的优质霞多丽葡萄精心酿制而成的干白葡萄酒。酒业呈现出漂亮的中等金色，光泽迷人，单发着迷人的果香和花香，以清新白花和柑橘类水果香气为主，令人愉悦。
皇家路易酒庄窑藏黑皮诺干红葡萄酒,2001,"Chateau Royalty Louis Pinot Noir Red, Yantai, China",红葡萄酒,皇家路易酒业,"('黑皮诺',)",芳香迷人,这款葡萄酒选用皇家路易酒庄所种植的黑皮诺精心酿制而成，酒液呈现出漂亮的宝石红色，清澈迷人。酒香醇厚，散发着迷人的黑醋栗和黑樱桃的味道，经橡木桶陈年后还带哟微微的香草和烘烤的味道，香气具有层次感，是款不错的干红葡萄酒。
皇家路易酒庄干红葡萄酒,2397,"Chateau Royalty Louis Dry Red, Yantai, China",红葡萄酒,皇家路易酒业,(),果香浓郁,这款葡萄酒选用皇家路易酒庄所产的优质赤霞珠精心酿制而成的。酒液呈现出漂亮的宝石红色，颜色鲜艳迷人，散发着浓郁的香气。酒香醇厚而清冽，果香愉人。
皇家路易2000霞多丽干白葡萄酒,949,"Chateau Royalty Louis 2000 Chardonnay White , Yantai, China",白葡萄酒,皇家路易酒业,"('霞多丽',)",果香迷人,这是一款选用皇家路易酒庄所种植的优质霞多丽葡萄精心酿制而成的干白葡萄酒。酒业呈现出漂亮的中等金色，光泽迷人，单发着迷人的果香和花香，以清新白花和柑橘类水果如西柚、菠萝、甜瓜、苹果、梨等香气为主，令人愉悦。
梅卡庄园精品卡柏尼干红葡萄酒,1722,"Manor Maykama Fine Cabernet Dry Red, Yantai, China",红葡萄酒,梅卡庄园,"('品丽珠', '赤霞珠', '蛇龙珠')",,酒液呈宝石红色，澄清透明，具有幽雅芬芳的果香，余味悠长。
梅卡庄园金奖赤霞珠干红葡萄酒,1332,"Manor Maykama Golden Medal Cabernet Sauvignon, Yantai, China",红葡萄酒,梅卡庄园,"('赤霞珠',)",,酒液呈宝石红色，澄清透明，具有幽雅芬芳的果香，余味悠长。
梅卡庄园金奖卡柏尼干红葡萄酒,2425,"Manor Maykama Golden Medal Cabernet Dry Red, Yantai, China",红葡萄酒,梅卡庄园,"('赤霞珠',)",,酒液呈宝石红色，澄清透明，具有幽雅芬芳的果香，余味悠长。
梅卡庄园卡柏尼干红葡萄酒,1566,"Manor Maykama Cabernet Dry Red, Yantai, China",红葡萄酒,梅卡庄园,"('赤霞珠',)",,酒液呈宝石红色，澄清透明，具有幽雅芬芳的果香，余味悠长。
夏菲堡贵人香干白葡萄酒,1426,"Xiafeibao Riesling Italico, Qingdao, China",白葡萄酒,夏菲堡酒业,"('意大利雷司令',)",甜苹果橙皮,这款葡萄酒是以贵人香为原料，以先进的技术精心酿制而成。该酒晶莹剔透，呈浅柠檬色，富含优雅的甜苹果和橙皮香，味道清新，细腻优雅，回味无穷。
夏菲堡特选霞多丽干白葡萄酒,866,"Xiafeibao Special Chardonnay, Qingdao, China",白葡萄酒,夏菲堡酒业,"('霞多丽',)",白花柑橘白桃,这款葡萄酒以霞多丽葡萄品种为原料，兼以橡木桶陈酿，传统的工艺精心制作而成。该酒酒体明亮清澈，呈晶莹的禾杆黄色，带有巧妙的花香以及柑橘、白桃的果香，口感醇厚丰满，圆润细腻，回味悠长。
夏菲堡精选级霞多丽干白葡萄酒,923,"Xiafeibao Premium Selection Chardonnay, Qingdao, China",白葡萄酒,夏菲堡酒业,"('霞多丽',)",柑橘白桃奶油,这款葡萄酒以霞多丽葡萄品种为原料，兼以橡木桶陈酿，使用传统的工艺精心制作而成。该酒呈晶莹的禾杆黄色，具有明显的水果香气和奶油香气，口感醇厚丰满，回味悠长。
夏菲堡窖藏级解百纳干红葡萄酒,849,"Xiafeibao Cellar Aged Cabernet, Qingdao, China",红葡萄酒,夏菲堡酒业,"('品丽珠', '赤霞珠', '蛇龙珠')",樱桃醋栗李子,这款葡萄酒以赤霞珠、蛇龙珠和品丽珠为原料，经悉心的筛选，传统的工艺，精心酿制而成。该酒呈迷人的宝石红，果香浓郁，酒香协调，口感细腻，回味悠长。
夏菲堡精品赤霞珠干红葡萄酒,903,"Xiafeibao Boutique Cabernet Sauvignon, Qingdao, China",红葡萄酒,夏菲堡酒业,"('赤霞珠',)",黑加仑黑莓黑李子,这款葡萄酒是以赤霞珠为原料，采用法国先进的酿造工艺，经带皮浸渍，低温发酵、橡木桶窖藏而成的。该酒呈宝石红，富含诱人的果香，如黑加仑、黑莓和黑李子等，入口圆润爽滑，回味悠长。
夏菲堡高级红干红葡萄酒,1538,"Xiafeibao Senior Dry Red, Qingdao, China",红葡萄酒,夏菲堡酒业,"('品丽珠', '赤霞珠', '蛇龙珠')",李子樱桃覆盆子,这款葡萄酒以赤霞珠、品丽珠及蛇龙珠葡萄为原料精心酿制而成。该酒呈深宝石红色，自然的果香与酒香完美结合，协调、平衡、生动，酒体丰满清新，品后口感宽阔、香醇。
夏菲堡酒庄级赤霞珠干红葡萄酒,959,"Xiafeibao Manor Cabernet Sauvignon, Qingdao, China",红葡萄酒,夏菲堡酒业,"('赤霞珠',)",黑加仑黑樱桃咖啡香草烟熏,这款葡萄酒以赤霞珠为原料，经悉心的筛选，传统的工艺，精心酿制而成。该酒呈浓重的宝石红，入口令人愉悦且口感强烈，有细腻的橡木桶醇香。
夏菲堡雷司令干白葡萄酒,1072,"Xiafeibao Riesling, Qingdao, China",白葡萄酒,夏菲堡酒业,"('雷司令',)",柠檬西柚,这款葡萄酒选用雷司令为原料，采用现代先进工艺技术精心酿造而成。该酒呈禾杆黄色，澄清透明，果香浓郁，香气完整，味柔细清爽，酒体丰满，余味悠长。
夏菲堡金典赤霞珠干红葡萄酒,709,"Xiafeibao Jindian Cabernet Sauvignon, Qingdao, China",红葡萄酒,夏菲堡酒业,"('赤霞珠',)",黑樱桃黑醋栗咖啡香草,这款葡萄酒以赤霞珠为原料，用橡木桶培养，经传统工艺，精心酿制而成。该酒呈宝石红，带有浓郁的果香和高雅的橡木香，口感豪爽且富有特性，回味悠长。
夏菲堡新精选霞多丽干白葡萄酒,1217,"Xiafeibao New Premium Selection Chardonnay, Qingdao, China",白葡萄酒,夏菲堡酒业,"('霞多丽',)",柑橘白桃奶油烤面包,这款葡萄酒以霞多丽葡萄品种为原料，兼以橡木桶陈酿，传统的工艺精心制作而成。该酒呈晶莹的禾杆黄色，具有巧妙的花香、奶油香气以及细腻迷人的木香，口感醇厚丰满，回味悠长。
夏菲堡新精选赤霞珠干红葡萄酒,779,"Xiafeibao New Premium Selection Cabernet Sauvignon, Qingdao, China",红葡萄酒,夏菲堡酒业,"('赤霞珠',)",黑樱桃黑醋栗咖啡烘烤,这款葡萄酒以赤霞珠为原料，经悉心的筛选，传统的工艺，精心酿制而成。该酒呈浓重的宝石红，带有浓郁的成熟果香和高雅的橡木香，入口圆润，酒体中等。
夏菲堡酒庄级霞多丽干白葡萄酒,608,"Xiafeibao Manor Chardonnay, Qingdao, China",白葡萄酒,夏菲堡酒业,"('霞多丽',)",柑橘白桃,这款葡萄酒以霞多丽为原料，兼以橡木桶陈酿，精心制作而成。该酒酒体明亮清澈，呈晶莹的禾杆黄色，带有巧妙的花香和明显的果香，口感醇厚丰满，圆润细腻。
夏菲堡极品窖藏赤霞珠干红葡萄酒,729,"Xiafeibao Superior Cellar Aged Cabernet Sauvignon, Qingdao, China",红葡萄酒,夏菲堡酒业,"('赤霞珠',)",黑樱桃黑醋栗香草咖啡,这款葡萄酒以名贵葡萄品种赤霞珠为原料，经悉心的筛选，传统的工艺，精心酿制而成。该酒呈浓重的宝石红色，浓郁的成熟果香和高雅纯正的橡木香融合得恰到好处，入口令人愉悦且口感强烈，有细腻的橡木桶醇香。
夏菲堡特选赤霞珠干红葡萄酒,1097,"Xiafeibao Special Cabernet Sauvignon, Qingdao, China",红葡萄酒,夏菲堡酒业,"('赤霞珠',)",黑樱桃黑醋栗咖啡香草,这款葡萄酒以名贵葡萄品种赤霞珠为原料，经悉心的筛选，传统的工艺，精心酿制而成。该酒呈浓重的宝石红色，酒中带有浓郁的成熟果香和高雅纯正的橡木香，口感柔顺。
夏菲堡精选级赤霞珠干红葡萄酒,1085,"Xiafeibao Premium Selection Cabernet Sauvignon, Qingdao, China",红葡萄酒,夏菲堡酒业,"('赤霞珠',)",黑色水果香草咖啡烘烤,这款葡萄酒以赤霞珠为原料，经过悉心的筛选，传统的工艺，精心酿制而成。该酒呈深宝石红色，闻之富含浓郁的成熟果香，以及橡木赋予的香草、咖啡及烘烤的香气，口感细腻，回味悠长。
夏菲堡经典干红葡萄酒,896,"Xiafeibao Classic Dry Red, Qingdao, China",红葡萄酒,夏菲堡酒业,(),黑色水果甘草咖啡可可,这款葡萄酒以名贵葡萄为原料，用橡木桶培养，经传统工艺，精心酿制而成。该酒呈宝石红色，浓郁的果香和纯正的橡木香融合得恰到好处，口感豪爽且富有特性，回味悠长。
华鲁一千零一夜之99长相思干白葡萄酒,2526,"Hualu Romantic Nights 99 Sauvignon Blanc, Yantai, China",白葡萄酒,蓬莱华鲁酒业,"('长相思',)",,本品精选世界七大葡萄海岸之一——蓬莱出产的优质酿酒葡萄长相思为原料，经先进生产工艺低温发酵而成，果香、酒香新鲜、默默呼吁、风格高雅，入口爽净怡人，具有长相思干白葡萄酒典型风格。
华鲁一千零一夜之传世橡木桶窖藏西拉干红葡萄酒,2415,"Hualu Romantic Nights Hereditary Barrel Reserve Syrah, Yantai, China",红葡萄酒,蓬莱华鲁酒业,"('西拉',)",,一千零一夜传世西拉橡木桶窖藏干红葡萄酒，倾心之酿，具有无与伦比的大家风范。精选优质原料，经过橡木桶窖藏工艺，带来浓郁典型黑莓酒香醇厚气，单宁适中，如天鹅绒般丝滑，品位时，口感丰满，酒体具有很好的结构感，是代表一千零一夜品质之巅峰之作，这款酒的酒精度不能低于12.5度。高贵中渗透着力量，这种力量带给饮酒者的回味和长久的余香值得品味高尚人士品鉴珍藏。
华鲁一千零一夜橡木桶珍藏干红葡萄酒,1806,"Hualu Romantic Nights Barrel Reserve Dry Red Wine, Yantai, China",红葡萄酒,蓬莱华鲁酒业,"('梅洛', '赤霞珠', '蛇龙珠')",,本品精选中国著名葡萄产区——烟台地区生产的世界各种酿酒葡萄蛇龙珠、赤霞珠、梅洛，采用先进的葡萄酿酒工艺，饮后余味悠长，具有陈年品质，堪称酒中珍品。
华鲁一千零一夜霞多丽干白葡萄酒,2463,"Hualu Romantic Nights Chardonnay, Yantai, China",白葡萄酒,蓬莱华鲁酒业,"('霞多丽',)",,采用优质葡萄为主要原料，经低温发酵工艺酿造而成的一种干型葡萄酒。该酒果香浓郁、风格高雅、入口爽净。具有微酸、爽口悦怡的特色。堪称干白葡萄酒中独特之产品。霞多丽干白葡萄酒佐餐海鲜品具特异风味。
华鲁一千零一夜雷司令干白葡萄酒,981,"Hualu Romantic Nights Riesling, Yantai, China",白葡萄酒,蓬莱华鲁酒业,"('雷司令',)",,选用世界上著名的优质酿酒白葡萄雷司令，采用世界先进酿酒工艺，低温发酵而成。该酒果香浓郁、风格高雅、入口爽净。具有微酸、爽口悦怡的特色。是干白葡萄酒中独特之产品。
华鲁一千零一夜之传奇窖藏西拉干红葡萄酒,1944,"Hualu Romantic Nights Legend Cellar Reserve Syrah, Yantai, China",红葡萄酒,蓬莱华鲁酒业,"('西拉',)",黑莓李子,一千零一夜之传奇美露橡木桶陈酿干红葡萄酒，成熟黑莓和李子的独特芬芳香气，以及橡木桶陈酿带来的巧克力与木香，口感柔顺甜美，单宁雅致细腻。倾心之酿，彰显无与伦比的宽容、大度和深沉的王者气势。
华鲁一千零一夜岁月无痕西拉干红葡萄酒,1060,"Hualu Romantic Nights Immortal Syrah Red Wine, Yantai, China",红葡萄酒,蓬莱华鲁酒业,"('西拉',)",,成熟黑莓和李子的独特芬芳香气，以及橡木桶陈酿带来的巧克力与木香，口感柔顺甜美，单宁雅致细腻。
华鲁一千零一夜干红葡萄酒,780,"Hualu Romantic Nights Dry Red Wine, Yantai, China",红葡萄酒,蓬莱华鲁酒业,(),,本品精选世界七大葡萄海岸之一——烟台地区生产的优质酿酒葡萄品种精酿而成，色泽呈深宝石红色，酒香浓郁、余味悠长，酒体丰满、协调。极富个性特点。常品尝饮、健康滋润。
华鲁一千零一夜庄园赤霞珠干红葡萄酒,1081,"Hualu Romantic Nights Estate Cabernet Sauvignon, Yantai, China",红葡萄酒,蓬莱华鲁酒业,"('赤霞珠',)",,本品系选用中国著名葡萄产区——蓬莱地区生产的世界著名酿酒葡萄品种赤霞珠为原料，采用欧洲的先进工艺与现代设备精心酿造而成，此酒呈深宝石红色，口味和谐，回味悠长。为葡萄酒中之精品。
华鲁一千零一夜岁月无痕长相思干白葡萄酒,1023,"Hualu Romantic Nights Immortal Sauvignon Blanc White Wine, Yantai, China",白葡萄酒,蓬莱华鲁酒业,"('长相思',)",,果香、酒香新鲜、默默呼吁、风格高雅，入口爽净怡人，具有长相思干白葡萄酒典型风格。
华鲁一千零一夜之赤霞珠干红葡萄酒,2241,"Hualu Romantic Nights Cabernet Sauvignon, Yantai, China",红葡萄酒,蓬莱华鲁酒业,"('赤霞珠',)",浆果李子橡木,酒体醇厚而圆润，青春的芬芳香浓四溢，略微醒酒进而带来浓郁的浆果、李子口味，并略带一丝橡木气息。口感精致，回味隽永。配合红烧、煎烤类美食相得益彰，无与伦比。
华鲁一千零一夜风帆系列梅洛干红葡萄酒,590,"Hualu Romantic Nights Windsurfing Merlot, Yantai, China",红葡萄酒,蓬莱华鲁酒业,"('梅洛',)",,水果蛋糕般的柔顺圆润微微的甜味中和了单宁的苦涩，带来了华丽和天鹅绒般质地的口感熟透的李子及水果蛋糕的香气令人愉悦，复杂的香辛料气息使人迷醇。建议搭配烧烤类家禽，如烤鸭等。
华鲁一千零一夜风帆系列西拉干红葡萄酒,808,"Hualu Romantic Nights Windsurfing Syrah, Yantai, China",红葡萄酒,蓬莱华鲁酒业,"('西拉',)",桑葚矿物胡椒,如夜一般黑的酒液，华丽饱满酒体强劲有力，重量感十足；口感强烈刺激却不失幽雅与收敛；单宁细腻紧致；以桑葚为主的果香夹杂着矿物质的气息，还有一丝辛香料和胡椒的香气相当有劲的余味，回味持久。
华鲁一千零一夜风帆系列蛇龙珠干红葡萄酒,781,"Hualu Romantic Nights Windsurfing Cabernet Gernischt, Yantai, China",红葡萄酒,蓬莱华鲁酒业,"('蛇龙珠',)",,玫瑰的妖妖与茉莉的淡雅巧妙结合处的清新香气，让人印象深刻口感顺滑，单宁适中;搭配范围广，避免搭配海鲜与清淡食物。
华鲁一千零一夜海岸干红葡萄酒（二钻）,554,"Hualu Romantic Nights 2-diamond Coast Red Wine, Yantai, China",红葡萄酒,蓬莱华鲁酒业,(),,本品系选用中国著名葡萄产区——烟台地区生产的世界各种葡萄为原料，采用法国传统的葡萄酿酒工艺酿制而成。该酒呈深宝石红色，口味和谐，回味悠长。具有浓郁的果香及花香。
华鲁一千零一夜风帆系列赤霞珠干红葡萄酒,1169,"Hualu Romantic Nights Windsurfing Cabernet Sauvignon, Yantai, China",红葡萄酒,蓬莱华鲁酒业,"('赤霞珠',)",黑浆果紫罗兰黑巧克力,紫罗兰的芬芳混合黑浆果以及干本草的气息，醒酒一段时间后黑巧克力得气味出现口感紧实、收敛，单宁柔滑，回味佳搭配红烧类红肉较佳。
华鲁一千零一夜橡木桶海岸干红葡萄酒,1063,"Hualu Romantic Nights Oak Cask Coast Wine, Yantai, China",红葡萄酒,蓬莱华鲁酒业,(),,本品精选著名葡萄产区——烟台地区生产的世界各种葡萄为原料，采用法国传统的葡萄酿酒工艺酿制而成。该酒呈深宝石红色，口感和谐，饮后余味悠长，具有浓郁的果香及花香。
华鲁一千零一夜海岸干红葡萄酒,767,"Hualu Romantic Nights Coast Dry Red Wine, Yantai, China",红葡萄酒,蓬莱华鲁酒业,(),,本品系选用中国著名葡萄产区——烟台地区生产的世界各种葡萄为原料，采用法国传统的葡萄酿酒工艺酿制而成。该酒呈深宝石红色，口味和谐，回味悠长。具有浓郁的果香及花香。
恒德庄园95缠绳干红葡萄酒,955,"YT Hengde 95 whipping Cabernet Red, Penglai, China",红葡萄酒,恒德酒业,"('卡本内',)",果香浓郁层次性,这款葡萄酒选用恒德庄园所产的优质卡本内葡萄酒精心酿制而成。酒体颜色深浓，宝石红的颜色端庄典雅，色泽迷人。酒体饱满，酸度适中，单宁柔顺，初闻时以水果香气为主，细闻之后又发现酒中带有些微甘草和薄荷的味道，香气层次复杂，是款不错的干红葡萄酒。
恒德庄园缠绳蛇龙珠干红葡萄酒,656,"YT Hengde whipping Cabernet Gernischt Oak Red, Penglai, China",红葡萄酒,恒德酒业,"('蛇龙珠',)",果香花香,这款葡萄酒选用恒德庄园所产的优质蛇龙珠葡萄酒精心酿制而成。酒体颜色深浓，宝石红的颜色端庄典雅，色泽迷人。酒体饱满，酸度适中，单宁柔顺。
恒德庄园蛇龙珠干红葡萄酒,1198,"YT Hengde Cabernet Gernischt Red, Penglai, China",红葡萄酒,恒德酒业,"('蛇龙珠',)",果香,这款葡萄酒选用优质的蛇龙珠精心酿制而成。酒液呈现出漂亮的宝石红色，清澈迷人，散发着迷人的水果香气，酒体饱满，酸度适中，是款不错的干红葡萄酒。
恒德庄园92橡木桶窖藏缠绳干红葡萄酒,700,"YT Hengde 92 whipping Cabernet Oak Red, Penglai, China",红葡萄酒,恒德酒业,"('赤霞珠',)",果香香草,这款葡萄酒选用恒德庄园所产的优质卡本内葡萄酒精心酿制而成。酒体颜色深浓，宝石红的颜色端庄典雅，色泽迷人。酒体饱满，酸度适中，单宁柔顺，初闻时以水果香气为主，细闻之后又发现酒中带有些微甘草和薄荷的味道，香气层次复杂。
恒德庄园98橡木桶窖藏缠绳干红葡萄酒,787,"YT Hengde 98 whipping Cabernet Oak Red, Penglai, China",红葡萄酒,恒德酒业,"('卡本内',)",柔顺芳香,这款葡萄酒选用恒德庄园所产的优质卡本内葡萄酒精心酿制而成。酒体颜色深浓，宝石红的颜色端庄典雅，色泽迷人。酒体饱满，酸度适中，经过橡木桶窖藏后，单宁变得更加柔顺.
恒德庄园干红葡萄酒,772,"YT Hengde Dry Red, Penglai, China",红葡萄酒,恒德酒业,(),芳香迷人,这款葡萄酒选用蓬莱产区所产的优势红葡萄精心酿制而成。酒液呈现出优雅的宝石红色，散发着浓郁的酒香，带有怡人的黑醋栗和黑樱桃的香气。酒体饱满，酸度适中，是款不错的干红葡萄酒。
恒德庄园金装98干红葡萄酒,998,"YT Hengde Finest-Decerated Red, Penglai, China",红葡萄酒,恒德酒业,(),,这款葡萄酒选用恒德庄园所产的优质卡本内葡萄酒精心酿制而成。酒体颜色深浓，宝石红的颜色端庄典雅，色泽迷人。这款酒最大的特点在其金色的包装，显眼的黄金色尽显这瓶酒的尊贵与奢华。
御任酒庄解百纳珍藏级干红葡萄酒,671,"Yuren Winery Cabernet Red Wine Reserve, Yantai, China",红葡萄酒,烟台御任葡萄酒有限公司,"('卡本内',)",芳香浓郁,这款葡萄酒选用中国烟台优质产区的优质卡本内（Cabernet）精心酿制而成，这款葡萄酒呈现出漂亮的宝石红色，晶莹透亮，芳香浓郁，入口清脆甜美，余味悠长。
御任酒庄15年老树蛇龙珠干红葡萄酒,936,"Yuren Winery 15-Year-Old Vieilles Vignes Cabernet Gernischt Red Wine, Yantai, China",红葡萄酒,烟台御任葡萄酒有限公司,"('蛇龙珠',)",芳香浓郁,这款葡萄酒选用中国烟台优质产区的优质蛇龙珠精心酿制而成，酒体呈现出漂亮的宝石红色，色泽靓丽，晶莹透亮，芳香浓郁，落口爽甜，回味绵长，是款不错的干红葡萄酒。
御任酒庄15年老树解百纳干红葡萄酒,845,"Yuren Winery 15-Year-Old Vieilles Vignes Cabernet Red Wine, Yantai, China",红葡萄酒,烟台御任葡萄酒有限公司,"('卡本内',)",芳香浓郁入口醇厚,这款葡萄酒选用中国烟台优质产区15年的卡本内老树结的葡萄精心酿制而成。酒体呈现出漂亮的红色，色泽透亮，芳香浓郁，入口醇厚，回味绵长。这是一款不错的干红葡萄酒。
御任酒庄解百纳精制干红葡萄酒,820,"Yuren Winery Premium Cabernet Red Wine Reserve, Yantai, China",红葡萄酒,烟台御任葡萄酒有限公司,"('卡本内',)",酒体晶莹透亮芳香浓郁,这款葡萄酒选用中国优秀产区烟台的优质卡本内葡萄精心酿制而成。酒液呈现出漂亮的宝石红色，酒体晶莹透亮，芳香浓郁，果香和草本香气怡人，入口顺滑，单宁柔顺，是款不错的干红葡萄酒。
御任酒庄15年老树赤霞珠干红葡萄酒,1154,"Yuren Winery 15-Year-Old Vieilles Vignes Cabernet Sauvignon Red Wine, Yantai, China",红葡萄酒,烟台御任葡萄酒有限公司,"('赤霞珠',)",芳香浓郁,这款葡萄酒选用中国烟台优质产区产的15年老树赤霞珠精心酿制。酒液呈现出漂亮的宝石红色，色泽透亮，芳香浓郁，入口醇厚，回味绵长，适合与红肉、烧烤和熏肉等食物搭配。
御任酒庄维纳斯霞多丽干白葡萄酒,447,"Yuren Winery Wenas Chardonnay White Wine, Yantai, China",白葡萄酒,烟台御任葡萄酒有限公司,"('霞多丽',)",芳香浓郁晶莹,这款葡萄酒选用中国优秀产区烟台优质的霞多丽精心酿制而成的风尚系列干白葡萄酒。酒液呈现出禾杆黄中稍带点绿色，酒体轻盈，酸度适中，散发着浓郁的果香和花香，适合搭配点心、西饼和蛋糕之类的小零食。
御任酒庄珍藏级橡木桶干红葡萄酒,668,"Yuren Winery Reserve Red Wine, Yantai, China",红葡萄酒,烟台御任葡萄酒有限公司,(),清爽甜美,这款葡萄酒选用中国烟台优质产区产的优质酿酒葡萄酒精心酿制而成。葡萄酒体晶莹透亮，呈现出漂亮的宝石红色，芳香浓郁，散发着热带水果的香气，入口清爽甜美，回味绵长，是款值得入手的红葡萄酒。
御任酒庄橡木窖藏解百纳干红葡萄酒,978,"Yuren Winery Oak-aged Cabernet Red Wine, Yantai, China",红葡萄酒,烟台御任葡萄酒有限公司,"('卡本内',)",芳香浓郁回味绵长,这款葡萄酒选用中国优秀产区烟台的优秀卡本内葡萄精心酿制而成，经过橡木桶的陈酿。酒液呈现出浓厚的深宝石红色，有色泽，散发着浓郁的香气，结构平衡，单宁柔顺，入口醇厚，是款不错的干红葡萄酒。
御任酒庄维纳斯蛇龙珠干红葡萄酒,817,"Yuren Winery Wenas Cabernet Gernischt Red Wine, Yantai, China",红葡萄酒,烟台御任葡萄酒有限公司,"('蛇龙珠',)",晶莹柔顺,这款葡萄酒选用中国优质产区烟台所产的优质蛇龙珠精心酿制而成的干红葡萄酒。这款葡萄酒呈现出漂亮的宝石红色，酒体晶莹透亮，散发着浓郁的果香和些微草本的香气，结构平衡，单宁柔顺，是款不错的干红葡萄酒。
御任酒庄维纳斯雷司令干白葡萄酒,636,"Yuren Winery Wenas Riesling White Wine, Yantai, China",白葡萄酒,烟台御任葡萄酒有限公司,"('雷司令',)",果香浓郁芳香怡人,这款葡萄酒选用中国优质产区的优质雷司令精心酿制而成。酒液呈现出柠檬黄色，酒体轻盈，散发着浓郁的果香，酸度适中，是款不错的干白葡萄酒。
瓏岱酒庄干红葡萄酒,1511,"Long Dai, Qiu Shan Valley, China",红葡萄酒,瓏岱酒庄,"('马瑟兰', '品丽珠', '赤霞珠')",黑莓蓝莓甜香料紫罗兰,这是一款来自中国丘山山谷产区的红葡萄酒，由拉菲罗斯柴尔德集团出品。“瓏岱”二字承载着罗斯柴尔德家族的希冀，借以传达此款葡萄酒实为平衡于自然风土与悉心耕耘的完美产物。这款酒采用波尔多传统工艺酿造，在法式橡木桶中熟化18个月，酒款散发着黑莓和蓝莓等深色水果的香气，而马瑟兰赋予其甜香料和紫罗兰的气息，口感清新活泼，单宁优雅，带有轻柔的烘烤风味。
卡斯堡虎王威士忌,1417,"Casbao Tiger King Whisky, Yantai, China",蒸馏酒,烟台卡斯堡酒业,(),,呈琥珀色，澄清晶亮，具有陈酿的橡木香，醇和的酒香，香气浓郁优雅协调，口感丰满。
卡斯堡金装白兰地,2705,"Casbao Special Fine Brandy, Yantai, China",蒸馏酒,烟台卡斯堡酒业,(),,酒液金黄，香气优雅，清新适口，滋味醇厚。
卡斯堡红冠威士忌,1202,"Casbao Red Crown Whisky, Yantai, China",蒸馏酒,烟台卡斯堡酒业,(),,呈琥珀色，澄清晶亮，具有陈酿的橡木香，醇和的酒香，香气浓郁优雅协调，口感丰满。
卡斯堡红格威士忌,1837,"Casbao Red Plaid Whisky, Yantai, China",蒸馏酒,烟台卡斯堡酒业,(),,呈琥珀色，澄清晶亮，具有陈酿的橡木香，醇和的酒香，香气浓郁优雅协调，口感丰满。
卡斯堡贵族起泡酒,976,"Casbao Noble Sparkling Wine, Yantai, China",起泡酒,烟台卡斯堡酒业,(),,这款起泡酒带有李子和浆果的香气和风味，伴有淡淡的胡椒和香料香，口感柔顺丰富，余味清新自然。
卡斯堡酒堡金牌干红葡萄酒,1819,"Casbao Chateau Golden Medal Dry Red Wine, Yantai, China",红葡萄酒,烟台卡斯堡酒业,(),,此款酒有着黑色果酱、皮革的风味，脆、单宁柔顺，酒体适中，有着黑色果酱和香料的味道。
卡斯堡粉黛起泡酒,1277,"Casbao Rose Sparkling Wine, Yantai, China",起泡酒,烟台卡斯堡酒业,(),,这款桃红起泡酒呈鲜艳的粉红色，香气中带有红色浆果、樱桃和淡淡的覆盆子的气息，口感细腻，酸度足够，余味纯正。
卡斯堡雷司令干白葡萄酒,923,"Casbao Rieslingl Dry White Wine, Yantai, China",白葡萄酒,烟台卡斯堡酒业,"('雷司令',)",,色泽呈浅禾秆黄色，澄清透明，具新鲜的果香，以椴树花、炒杏仁、柠檬等香气为主，口味醇正，舒顺爽口。
卡斯堡四星珍藏干红葡萄酒,1435,"Casbao 4-Star Reserve Dry Red Wine, Yantai, China",红葡萄酒,烟台卡斯堡酒业,(),,此款酒有着黑色果酱、皮革的风味，脆、单宁柔顺，酒体适中，有着黑色果酱和香料的味道。
卡斯堡甜型起泡酒,960,"Casbao Sweet Sparkling Wine, Yantai, China",起泡酒,烟台卡斯堡酒业,(),,选用优质葡萄为原料，破碎去汁、现代工艺酿成的起泡酒，此产品低泡中口感，清香怡人，果香清甜。
卡斯堡酒堡康帝干红葡萄酒,1045,"Casbao Chateau Conti Dry Red Wine, Yantai, China",红葡萄酒,烟台卡斯堡酒业,(),,此款酒有着黑色果酱、皮革的风味，脆、单宁柔顺，酒体适中，有着黑色果酱和香料的味道。
卡斯堡酒堡罗曼干红葡萄酒,1049,"Casbao Chateau Romance Dry Red Wine, Yantai, China",红葡萄酒,烟台卡斯堡酒业,(),,此款酒有着黑色果酱、皮革的风味，脆、单宁柔顺，酒体适中，有着黑色果酱和香料的味道。
卡斯堡银冰起泡酒,432,"Casbao Silver Sparkling Wine, Yantai, China",起泡酒,烟台卡斯堡酒业,(),,这款起泡酒带有李子和浆果的香气和风味，伴有淡淡的胡椒和香料香，口感柔顺丰富，余味清新自然。
卡斯堡珍藏高级干红葡萄酒,662,"Casbao Reserve Superium Dry Red Wine, Yantai, China",红葡萄酒,烟台卡斯堡酒业,(),,色泽晶红，清澈透明，酸甜适口，风味独特。
卡斯堡老树赤霞珠干红葡萄酒,694,"Casbao Old Vine Cabernet Sauvignon, Yantai, China",红葡萄酒,烟台卡斯堡酒业,"('赤霞珠',)",,酒香浓郁，口感柔滑，结构精良，富有层次，回味悠长，品质优秀。
朋珠经典黑皮诺干红葡萄酒,1519,"Pengzhu Classic Pinot Noir Dry Red Wine, Yantai, China",红葡萄酒,烟台蓬珠酒业,"('黑皮诺',)",,深宝石红色，澄清有光泽。香气浓郁雅致，有典型的黑加仑等黑色浆果的香气，滋味醇厚，口感平衡、协调，酒体丰满圆润，有典型性。
朋珠珍藏黑皮诺干红葡萄酒,776,"Pengzhu Reserve Pinot Noir Dry Red Wine, Yantai, China",红葡萄酒,烟台蓬珠酒业,"('黑皮诺',)",,明亮的酒红色，酒香浓郁，樱桃，红色浆果的味道充满你的鼻腔。微微的烟熏味道加上浓郁的水果香味，构成了该款酒的主骨架。口感平衡，单宁圆润细滑，丰厚优美。
朋珠G区特选赤霞珠干红葡萄酒,943,"Pengzhu G-Block Special Selection Cabernet Sauvignon Dry Red Wine, Yantai, China",红葡萄酒,烟台蓬珠酒业,"('赤霞珠',)",,宝石红色，有复合的水果香味，伴有葡萄干、巧克力的香气，优雅而醇香，就提丰腴，单宁柔软。呈现其丰富完美，且精致而典雅的卓越的平衡性。
朋珠珍藏霞多丽干白葡萄酒,1339,"Pengzhu Reserve Chardonnay Dry White Wine, Yantai, China",白葡萄酒,烟台蓬珠酒业,"('霞多丽',)",柠檬花香矿物,颜色淡黄，有柠檬、花香、矿物质的明显味道。果香浓郁优雅，回味悠长，酒体丰满平衡，是中国干白葡萄酒之上品。
朋珠霞多丽高级干白葡萄酒,1036,"Pengzhu Chardonnay Grand Dry White Wine, Yantai, China",白葡萄酒,烟台蓬珠酒业,"('霞多丽',)",柠檬桃子樱桃,此款清新亮丽，酒色浅黄，隐约中散发出淡淡的柠檬，桃子和樱桃的香味。酒体适中，口感柔顺丰富，有着果汁般甜甜的余韵，令人回味无穷。
朋珠庄园窖藏五年赤霞珠干红葡萄酒,1663,"Pengzhu Estate 5-Year Cellar Reserve Cabernet Sauvignon, Yantai, China",红葡萄酒,烟台蓬珠酒业,"('赤霞珠',)",,宝石红色，有复合的水果香味，伴有葡萄干、巧克力的香气，优雅而醇香，就提丰腴，单宁柔软。呈现其丰富完美，且精致而典雅的卓越的平衡性。
朋珠窖藏五年霞多丽干白葡萄酒,578,"Pengzhu 5-Year Cellar Reserve Chardonnay, Yantai, China",白葡萄酒,烟台蓬珠酒业,"('霞多丽',)",,此款为禾杆黄色，明亮有光泽，美妙的果香，还有一丝清新的蜂蜜香味。入口柔顺，结构平衡。
朋珠G区优选赤霞珠干红葡萄酒,1320,"Pengzhu G-Block Optimal Choice Cabernet Sauvignon Dry Red Wine, Yantai, China",红葡萄酒,烟台蓬珠酒业,"('赤霞珠',)",,宝石红色，有复合的水果香味，伴有葡萄干、巧克力的香气，优雅而醇香，就提丰腴，单宁柔软。呈现其丰富完美，且精致而典雅的卓越的平衡性。
朋珠珍藏冰酒,971,"Pengzhu Reserve Icewine, Yantai, China",甜酒,烟台蓬珠酒业,(),,本品原料全部由加拿大进口，加拿大独特的气候条件最适合冰酒的生产，为了生产真正香醇的冰葡萄酒，葡萄必须在-8℃以下，小心谨慎用人工采收，并在-8℃条件下压榨取汁，然后将其稀少的珍贵浓浆酿造成冰酒，它具有浅金黄色，丰满的桃、杏、果仁和蜂蜜的香气、非常优雅甘美的滋味。
朋珠窖藏白皮诺干白葡萄酒,781,"Pengzhu Cellar Pinot Blanc Dry White Wine, Yantai, China",白葡萄酒,烟台蓬珠酒业,"('白皮诺',)",花香梨,此款颜色淡黄，有明显的花香和梨的香味。口感绵长，果香馥郁，酒体优雅，回味均衡怡人。
朋珠赤霞珠干红葡萄酒,1083,"Pengzhu Cabernet Sauvignon Dry Red Wine, Yantai, China",红葡萄酒,烟台蓬珠酒业,"('赤霞珠',)",成熟浆果香草,色泽深红，成熟的浆果和香草的香气萦绕其间。适中的酒体展现了成熟的单宁，明显的酸度以及绵长的果味，饮来令人精神为之一振，口感愉悦，容易入口。
朋珠雷司令干白葡萄酒,1193,"Pengzhu Riesling Dry White Wine, Yantai, China",白葡萄酒,烟台蓬珠酒业,"('雷司令',)",,微黄带绿的颜色，有菠萝、柠檬的果香，丝般润顺的口感。酒体丰满平衡，回味悠长。
朋珠G区珍藏赤霞珠干红葡萄酒,956,"Pengzhu G-Block Reserve Cabernet Sauvignon Dry Red Wine, Yantai, China",红葡萄酒,烟台蓬珠酒业,"('赤霞珠',)",,这是一款饱满且口味丰富的干红葡萄酒，明亮而又鲜活的宝石红色，成熟的樱桃味香气醉人，同时伴有香料的味道和果香。酒体醇厚，口感圆润，单宁柔和醇熟。酒体紧致，平衡性极佳。
朋珠百年好合甜红葡萄酒,601,"Pengzhu Centennial Summer Sweet Red Wine, Yantai, China",甜酒,烟台蓬珠酒业,(),,此款拥有着鲜艳的宝石红色，果香酒香平衡协调，酸甜适口，是经控温发酵精心酿制而成的一款甜红葡萄酒。
朋珠洋葱干红葡萄酒,1167,"Pengzhu Onion Dry Red Wine, Yantai, China",红葡萄酒,烟台蓬珠酒业,(),,色泽浓烈，结构紧致，口感丰富，同时洋葱的营养和葡萄酒巧妙的结合，酿造出此款风味独特的加香型葡萄酒。
朋珠窖藏五年赤霞珠干红葡萄酒,836,"Pengzhu 5-Year Cellar Reserve Cabernet Sauvignon, Yantai, China",红葡萄酒,烟台蓬珠酒业,"('赤霞珠',)",成熟浆果香草,色泽深红，成熟的浆果和香草的香气萦绕其间。适中的酒体展现了成熟的单宁，明显的酸度以及绵长的果味，饮来令人精神为之一振，口感愉悦，容易入口。
朋珠窖藏黑皮诺干红葡萄酒,813,"Pengzhu Cellar Pinot Noir Dry Red Wine, Yantai, China",红葡萄酒,烟台蓬珠酒业,"('黑皮诺',)",,带紫色的深宝石红色，此酒在橡木桶中酿造成熟，有独特的个性，香味朴实，有胡椒和香草的香味。酒体雄浑醇郁，口味清新，富有层次感。单宁紧凑，果味深沉，回味持久。
朋珠贵族甜红葡萄酒,740,"Pengzhu Royal Sweet Red Wine, Yantai, China",甜酒,烟台蓬珠酒业,(),,优雅的宝石红色，散发出成熟的红果子的气息。成熟的酒体，优雅的回味组成了这款品质上乘的甜型葡萄酒。
朋珠珍藏蛇龙珠干红葡萄酒,788,"Pengzhu Reserve Cabernet Gernischt Dry Red Wine, Yantai, China",红葡萄酒,烟台蓬珠酒业,"('蛇龙珠',)",,色泽深红，成熟的浆果和香草的香气萦绕其间。适中的酒体展现了成熟的单宁，明显的酸度以及绵长的果味，饮来令人精神为之一振，口感愉悦，容易入口。
朋珠玫之恋高级甜红葡萄酒,594,"Pengzhu Love Rose Superium Sweet Red Wine, Yantai, China",甜酒,烟台蓬珠酒业,(),,此款拥有着鲜艳的宝石红色，果香酒香平衡协调，酸甜适口，是经控温发酵精心酿制而成的一款甜红葡萄酒。
朋珠蛇龙珠干红葡萄酒,1373,"Pengzhu Cabernet Gernischt Dry Red Wine, Yantai, China",红葡萄酒,烟台蓬珠酒业,"('蛇龙珠',)",,色泽深红，成熟的浆果和香草的香气萦绕其间。适中的酒体展现了成熟的单宁，明显的酸度以及绵长的果味，饮来令人精神为之一振，口感愉悦，容易入口。
朋珠霞多丽甜白葡萄酒,729,"Pengzhu Chardonnay Sweet White Wine, Yantai, China",甜酒,烟台蓬珠酒业,"('霞多丽',)",,这是一款具有代表性的半甜型葡萄酒，具有明显的蜜香、熟透的热带水果的香味，它的酸甜适中，口感柔和。
朋珠珍品干红葡萄酒,698,"Pengzhu Collection Dry Red Wine, Yantai, China",红葡萄酒,烟台蓬珠酒业,(),樱桃香料,这是一款饱满且口味丰富的干红葡萄酒，明亮而又鲜活的宝石红色，成熟的樱桃味香气醉人，同时伴有香料的味道和果香。酒体醇厚，口感圆润，单宁柔和醇熟。酒体紧致，平衡性极佳。
朋珠经典蛇龙珠干红葡萄酒,708,"Pengzhu Classic Cabernet Gernischt Dry Red Wine, Yantai, China",红葡萄酒,烟台蓬珠酒业,"('蛇龙珠',)",,深宝石红色酒体，散发出浆果的浓郁芬芳，伴有些许香草的香气。酒体馥郁而饱满，单宁强劲，回味持久悠长，成熟果香与橡木的精致芬芳。
朋珠珍藏雷司令干白葡萄酒,918,"Pengzhu Reserve Riesling Dry White Wine, Yantai, China",白葡萄酒,烟台蓬珠酒业,"('雷司令',)",,颜色淡黄，有柠檬、桃子等水果的香味，口感柔顺、圆润，酒体丰满，清新宜人。
朋珠酒庄雷司令干白葡萄酒,910,"Pengzhu Chateau Riesling Dry White Wine, Yantai, China",白葡萄酒,烟台蓬珠酒业,"('雷司令',)",菠萝柠檬,微黄带绿的颜色，有菠萝、柠檬的果香，丝般润顺的口感。酒体丰满平衡，回味悠长。
朋珠喜庆甜红葡萄酒,728,"Pengzhu Celebration Sweet Red Wine, Yantai, China",甜酒,烟台蓬珠酒业,(),,此款拥有着鲜艳的宝石红色，果香酒香平衡协调，酸甜适口，是经控温发酵精心酿制而成的一款甜红葡萄酒。
朋珠高级甜白葡萄酒,590,"Pengzhu Grand Sweet White Wine, Yantai, China",甜酒,烟台蓬珠酒业,(),,口感甜蜜，充满桃子和梨子的香味，令人迷醉。
朋珠特选级橡木桶陈酿干红葡萄酒,599,"Pengzhu Special Selection Barrel Dry Red Wine, Yantai, China",红葡萄酒,烟台蓬珠酒业,(),,带紫色的深宝石红色，此酒在橡木桶中酿造成熟，有独特的个性，香味朴实，有胡椒和香草的香味。酒体雄浑醇郁，口味清新，富有层次感。单宁紧凑，果味深沉，回味持久。
朋珠橡木桶陈酿干白葡萄酒,622,"Pengzhu Barrel Dry White Wine, Yantai, China",白葡萄酒,烟台蓬珠酒业,(),,颜色淡黄，有柠檬、桃子等水果的香味，口感柔顺、圆润，酒体丰满，清新宜人。
朋珠玫瑰红甜红葡萄酒,2337,"Pengzhu Rosy Sweet Red Wine, Yantai, China",甜酒,烟台蓬珠酒业,(),,此款拥有着鲜艳的宝石红色，果香酒香平衡协调，酸甜适口，是经控温发酵精心酿制而成的一款甜红葡萄酒。
朋珠优选级橡木桶陈酿干红葡萄酒,578,"Pengzhu Optimal Choice Barrel Dry Red Wine, Yantai, China",红葡萄酒,烟台蓬珠酒业,(),,宝石红色，有复合的水果香味，伴有葡萄干、巧克力的香气，优雅而醇香，就提丰腴，单宁柔软。呈现其丰富完美，且精致而典雅的卓越的平衡性。
朋珠金装干红葡萄酒,633,"Pengzhu Gold Dry Red Wine, Yantai, China",红葡萄酒,烟台蓬珠酒业,(),,深宝石红色，果香、酒香协调优雅，口感柔和，酒体丰满，典型性突出。
朋珠高级甜红葡萄酒,677,"Pengzhu Grand Sweet Red Wine, Yantai, China",甜酒,烟台蓬珠酒业,(),,此款甜红葡萄酒散发出多汁黑莓与草莓果酱的香气，伴以鲜花的芬芳，口感顺滑丰富。
朋珠优雅甜白葡萄酒,1308,"Pengzhu Elegance Sweet White Wine, Yantai, China",甜酒,烟台蓬珠酒业,(),,此款果香浓郁，开瓶后浆果香、花香等气息扑鼻而来，口感丰富，柔顺，回味绵长，是甜白葡萄酒的上乘之作。
朋珠精选级干红葡萄酒,468,"Pengzhu Selection Dry Red Wine, Yantai, China",红葡萄酒,烟台蓬珠酒业,(),,深宝石红色，果香浓郁优雅，酒体平衡，口感饱满、舒顺，典型性突出。
朋珠橡木桶陈酿干红葡萄酒,425,"Pengzhu Barrel Dry Red Wine, Yantai, China",红葡萄酒,烟台蓬珠酒业,(),,深宝石红色，酒中有成熟的水果芳香，同时伴有香草味，口感丰满浓郁，圆润平和，入口伴有黑醋栗的果香，余味中感觉到精致的单宁。
朋珠紫钻甜红葡萄酒,822,"Pengzhu Purple Diamond Sweet Red Wine, Yantai, China",甜酒,烟台蓬珠酒业,(),,宝石红色略带橙色光晕，红色水果香气浓郁。口感愉悦，酒体丝滑，是甜型葡萄酒中的上品。
朋珠特制霞多丽干白葡萄酒,540,"Pengzhu Cuvee Chardonnay Dry White Wine, Yantai, China",白葡萄酒,烟台蓬珠酒业,"('霞多丽',)",,颜色浅黄，口味清新，浓厚的水果香味，回味悠长。口感圆润，优雅。
